INSERT INTO SWEET_AUTH_TENANT VALUES(10000,NULL,'evun','聚有财科技','浙江聚有财金融服务外包有限公司','张三','13812345678','杭州滨江区江林路1369号','2015-12-10','2015-12-10',1,0);
INSERT INTO SWEET_AUTH_TENANT VALUES(10001,NULL,'G1503','甘肃天弘汽车','甘肃天弘汽车服务有限公司(兰州);',NULL,'13610040255','杭州市滨江区江陵路1760号','2016-05-26','2016-05-26',1,0);
INSERT INTO SWEET_AUTH_TENANT VALUES(10002,NULL,'G1504','上海大田供应','上海大田供应链发展有限公司',NULL,'13610040256','杭州市滨江区江陵路1760号','2016-05-26','2016-05-26',1,0);
INSERT INTO SWEET_AUTH_TENANT VALUES(10003,NULL,'G1505','浙江大华物流','浙江大华物流有限公司',NULL,'13610040257','杭州市滨江区江陵路1760号','2016-05-26','2016-05-26',1,0);
INSERT INTO SWEET_AUTH_TENANT VALUES(10004,NULL,'G1506','郑州吉鑫汽车','郑州吉鑫汽车配件有限公司',NULL,'13610040258','杭州市滨江区江陵路1760号','2016-05-26','2016-05-26',1,0);
INSERT INTO SWEET_AUTH_TENANT VALUES(10005,NULL,'G129004','巴彦实诚汽车','巴彦实诚汽车修配有限公司',NULL,'13610043428','杭州市滨江区江陵路1760号','2016-05-26','2016-05-26',1,0);
INSERT INTO SWEET_AUTH_TENANT VALUES(10006,NULL,'G129005','延寿海涛汽车','延寿海涛汽车修配厂',NULL,'13610043429','杭州市滨江区江陵路1760号','2016-05-26','2016-05-26',1,0);
INSERT INTO SWEET_AUTH_TENANT VALUES(10007,NULL,'G129006','宾县宏博汽配','宾县宏博汽配',NULL,'13610043430','杭州市滨江区江陵路1760号','2016-05-26','2016-05-26',1,0);
INSERT INTO SWEET_AUTH_TENANT VALUES(10008,NULL,'G129007','方正顺风汽车','方正顺风汽车修理厂',NULL,'13610043431','杭州市滨江区江陵路1760号','2016-05-26','2016-05-26',1,0);
INSERT INTO SWEET_AUTH_TENANT VALUES(10009,NULL,'G129009','双城希望汽车','双城希望汽车维修中心',NULL,'13610043433','杭州市滨江区江陵路1760号','2016-05-26','2016-05-26',1,0);
INSERT INTO SWEET_AUTH_TENANT VALUES(10010,NULL,'G129010','肇东超越汽修','肇东超越汽修 ',NULL,'13610043434','杭州市滨江区江陵路1760号','2016-05-26','2016-05-26',1,0);
INSERT INTO SWEET_AUTH_TENANT VALUES(10011,NULL,'G170001','嫩江诚成汽车','嫩江诚成汽车配件商店',NULL,'13610043437','杭州市滨江区江陵路1760号','2016-05-26','2016-05-26',1,0);
INSERT INTO SWEET_AUTH_TENANT VALUES(10012,NULL,'G170002','海天汽车销售','海天汽车销售服务中心',NULL,'13610043438','杭州市滨江区江陵路1760号','2016-05-26','2016-05-26',1,0);
INSERT INTO SWEET_AUTH_TENANT VALUES(10013,NULL,'G170003','龙江宏达汽车','龙江宏达汽车销售店',NULL,'13610043439','杭州市滨江区江陵路1760号','2016-05-26','2016-05-26',1,0);
INSERT INTO SWEET_AUTH_TENANT VALUES(10014,NULL,'G170005','伟华汽配','伟华汽配',NULL,'13610043441','杭州市滨江区江陵路1760号','2016-05-26','2016-05-26',1,0);
INSERT INTO SWEET_AUTH_TENANT VALUES(10015,NULL,'G170006','吉利汽车航博','吉利汽车航博维修服务站',NULL,'13610043442','杭州市滨江区江陵路1760号','2016-05-26','2016-05-26',1,0);
INSERT INTO SWEET_AUTH_TENANT VALUES(10016,NULL,'G170007','满洲里市远信','满洲里市远信汽车维修中心',NULL,'13610043443','杭州市滨江区江陵路1760号','2016-05-26','2016-05-26',1,0);
INSERT INTO SWEET_AUTH_TENANT VALUES(10017,NULL,'G170009','骑风汽车售后','骑风汽车售后服务中心',NULL,'13610043445','杭州市滨江区江陵路1760号','2016-05-26','2016-05-26',1,0);
INSERT INTO SWEET_AUTH_TENANT VALUES(10018,NULL,'G234002','讷河诚信保修','讷河诚信保修厂',NULL,'13610043449','杭州市滨江区江陵路1760号','2016-05-26','2016-05-26',1,0);
INSERT INTO SWEET_AUTH_TENANT VALUES(10019,NULL,'G1908','天津金鼎宝实','天津金鼎宝实业有限公司',NULL,'13610043451','杭州市滨江区江陵路1760号','2016-05-26','2016-05-26',1,0);
INSERT INTO SWEET_AUTH_TENANT VALUES(10020,NULL,'G3506','宁波吉豪汽车','宁波吉豪汽车服务有限公司',NULL,'13610043452','杭州市滨江区江陵路1760号','2016-05-26','2016-05-26',1,0);
INSERT INTO SWEET_AUTH_TENANT VALUES(10021,NULL,'G3509','云南港鑫实业','云南港鑫实业有限公司汽车维修分公司',NULL,'13610043497','杭州市滨江区江陵路1760号','2016-05-26','2016-05-26',1,0);
INSERT INTO SWEET_AUTH_TENANT VALUES(10022,NULL,'G3503','沈阳福吉汽车','沈阳福吉汽车维修有限公司',NULL,'13610043499','杭州市滨江区江陵路1760号','2016-05-26','2016-05-26',1,0);
INSERT INTO SWEET_AUTH_TENANT VALUES(10023,NULL,'G1669','宁夏润通汽车','宁夏润通汽车贸易有限公司',NULL,'13610043500','杭州市滨江区江陵路1760号','2016-05-26','2016-05-26',1,0);
INSERT INTO SWEET_AUTH_TENANT VALUES(10024,NULL,'G3504','上海闵捷汽车','上海闵捷汽车修配有限公司',NULL,'13610043501','杭州市滨江区江陵路1760号','2016-05-26','2016-05-26',1,0);
INSERT INTO SWEET_AUTH_TENANT VALUES(10025,NULL,'G234018','吉利汽车航博','吉利汽车航博维修服务站',NULL,'13610043502','杭州市滨江区江陵路1760号','2016-05-26','2016-05-26',1,0);
INSERT INTO SWEET_AUTH_TENANT VALUES(10026,NULL,'G239803','富阳华策明坤','富阳华策明坤汽车维修有限公司',NULL,'13610043633','杭州市滨江区江陵路1760号','2016-05-26','2016-05-26',1,0);
INSERT INTO SWEET_AUTH_TENANT VALUES(10027,NULL,'G239804','建德市新安江','建德市新安江街道一佳汽车修理厂',NULL,'13610043634','杭州市滨江区江陵路1760号','2016-05-26','2016-05-26',1,0);
INSERT INTO SWEET_AUTH_TENANT VALUES(10028,NULL,'G239805','临安申达','临安申达',NULL,'13610043635','杭州市滨江区江陵路1760号','2016-05-26','2016-05-26',1,0);
INSERT INTO SWEET_AUTH_TENANT VALUES(10029,NULL,'G239806','杭州东方汽车','杭州东方汽车修理有限公司',NULL,'13610043636','杭州市滨江区江陵路1760号','2016-05-26','2016-05-26',1,0);
INSERT INTO SWEET_AUTH_TENANT VALUES(10030,NULL,'G239808','杭州德邦汽车','杭州德邦汽车装饰有限公司',NULL,'13610043638','杭州市滨江区江陵路1760号','2016-05-26','2016-05-26',1,0);
INSERT INTO SWEET_AUTH_TENANT VALUES(10031,NULL,'G1435','济南世通汽车','济南世通汽车服务有限公司',NULL,'13610043639','杭州市滨江区江陵路1760号','2016-05-26','2016-05-26',1,0);
INSERT INTO SWEET_AUTH_TENANT VALUES(10032,NULL,'G1771','山东世中实业','山东世中实业有限公司',NULL,'13610043641','杭州市滨江区江陵路1760号','2016-05-26','2016-05-26',1,0);
INSERT INTO SWEET_AUTH_TENANT VALUES(10033,NULL,'S0032','宁波华盛电器','宁波华盛电器有限公司',NULL,'13610054480','杭州市滨江区江陵路1760号','2016-05-26','2016-05-26',1,0);
INSERT INTO SWEET_AUTH_TENANT VALUES(10034,NULL,'S0034','台州航星塑料','台州航星塑料模具厂',NULL,'13610054482','杭州市滨江区江陵路1760号','2016-05-26','2016-05-26',1,0);
INSERT INTO SWEET_AUTH_TENANT VALUES(10035,NULL,'S0035','山东临沂福安','山东临沂福安特劳保用品有限公司',NULL,'13610054483','杭州市滨江区江陵路1760号','2016-05-26','2016-05-26',1,0);
INSERT INTO SWEET_AUTH_TENANT VALUES(10036,NULL,'S0036','浙江龙邦塑业','浙江龙邦塑业有限公司',NULL,'13610054484','杭州市滨江区江陵路1760号','2016-05-26','2016-05-26',1,0);
INSERT INTO SWEET_AUTH_TENANT VALUES(10037,NULL,'S0077','永高股份公司','永高股份有限公司USD',NULL,'13610054525','杭州市滨江区江陵路1760号','2016-05-26','2016-05-26',1,0);
INSERT INTO SWEET_AUTH_TENANT VALUES(10038,NULL,'S0078','利欧集团公司','利欧集团股份有限公司USD',NULL,'13610054526','杭州市滨江区江陵路1760号','2016-05-26','2016-05-26',1,0);
INSERT INTO SWEET_AUTH_TENANT VALUES(10039,NULL,'S0143','金华市木林森','金华市木林森工具制造有限公司',NULL,'13610054591','杭州市滨江区江陵路1760号','2016-05-26','2016-05-26',1,0);
INSERT INTO SWEET_AUTH_TENANT VALUES(10040,NULL,'S0145','枝江市长江源','枝江市长江源研磨工具有限公司',NULL,'13610054593','杭州市滨江区江陵路1760号','2016-05-26','2016-05-26',1,0);
INSERT INTO SWEET_AUTH_TENANT VALUES(10041,NULL,'S0147','杭州恒耐塑业','杭州恒耐塑业有限公司',NULL,'13610054595','杭州市滨江区江陵路1760号','2016-05-26','2016-05-26',1,0);
INSERT INTO SWEET_AUTH_TENANT VALUES(10042,NULL,'S0148','余姚市乐臣厨','余姚市乐臣厨卫用品厂',NULL,'13610054596','杭州市滨江区江陵路1760号','2016-05-26','2016-05-26',1,0);
INSERT INTO SWEET_AUTH_TENANT VALUES(10043,NULL,'S0151','浙江荣新工贸','浙江荣新工贸有限公司',NULL,'13610054599','杭州市滨江区江陵路1760号','2016-05-26','2016-05-26',1,0);
INSERT INTO SWEET_AUTH_TENANT VALUES(10044,NULL,'S0152','永康晨奥燃具','永康晨奥燃具有限公司',NULL,'13610054600','杭州市滨江区江陵路1760号','2016-05-26','2016-05-26',1,0);
INSERT INTO SWEET_AUTH_TENANT VALUES(10045,NULL,'S0153','温州欣汝工贸','温州欣汝工贸有限公司',NULL,'13610054601','杭州市滨江区江陵路1760号','2016-05-26','2016-05-26',1,0);
INSERT INTO SWEET_AUTH_TENANT VALUES(10046,NULL,'S0154','宁波创新阀门','宁波创新阀门有限公司',NULL,'13610054602','杭州市滨江区江陵路1760号','2016-05-26','2016-05-26',1,0);
INSERT INTO SWEET_AUTH_ORG VALUES(10000,2,NULL,'行政服务中心',10001,NULL,10000,'2015-12-21','2015-12-21',1,0);
INSERT INTO SWEET_AUTH_ORG VALUES(10001,10005,NULL,'EHR项目组',NULL,2,10000,'2015-12-21','2015-12-22',1,0);
INSERT INTO SWEET_AUTH_ORG VALUES(10002,2,NULL,'销售运营中心',10003,NULL,10000,'2015-12-21','2015-12-21',1,0);
INSERT INTO SWEET_AUTH_ORG VALUES(10003,2,NULL,'平台应用部',10004,NULL,10000,'2015-12-21','2015-12-21',1,0);
INSERT INTO SWEET_AUTH_ORG VALUES(10004,10003,NULL,'框架开发组',100001,NULL,10000,'2015-12-21','2015-12-21',1,0);
INSERT INTO SWEET_AUTH_ORG VALUES(10005,2,NULL,'大客户事业部',10006,NULL,10000,'2015-12-21','2015-12-21',1,0);
INSERT INTO SWEET_AUTH_ORG VALUES(10007,10000,NULL,'人力资源部',10008,NULL,10000,'2015-12-21','2015-12-21',1,0);
INSERT INTO SWEET_AUTH_ORG VALUES(10008,10000,NULL,'综合管理部',10009,NULL,10000,'2015-12-21','2015-12-21',1,0);
INSERT INTO SWEET_AUTH_ORG VALUES(10009,10002,NULL,'工商企业部',10010,NULL,10000,'2015-12-21','2015-12-21',1,0);
INSERT INTO SWEET_AUTH_ORG VALUES(10010,10002,NULL,'数字营销部',10011,NULL,10000,'2015-12-21','2015-12-21',1,0);
INSERT INTO SWEET_AUTH_ORG VALUES(10011,10005,NULL,'车险项目组',NULL,1,10000,'2015-12-21','2015-12-21',1,0);
INSERT INTO SWEET_AUTH_ORG VALUES(10012,10003,NULL,'云采家项目',10000,1,10000,'2015-12-21','2015-12-21',1,0);
INSERT INTO SWEET_AUTH_ORG VALUES(10013,2,NULL,'技术研发中心',NULL,1,10000,'2015-12-21','2015-12-21',1,0);
INSERT INTO SWEET_AUTH_ORG VALUES(10014,100020,NULL,'系统架构组',NULL,1,10000,'2015-12-21','2015-12-21',1,0);
INSERT INTO SWEET_AUTH_ORG VALUES(10015,100020,NULL,'系统运维组',NULL,2,10000,'2015-12-21','2015-12-21',1,0);
INSERT INTO SWEET_AUTH_USER VALUES(10000,'yangw','杨威','yw','7c4a8d09ca3762af61e59520943dc264',NULL,'13800000000','yangw@sohu.com',NULL,'世界这么大，哥要出去走走！',1,1,10000,10000,NULL,'2015-12-10','2015-12-17',1,0);
INSERT INTO SWEET_AUTH_USER VALUES(10001,'gaojl','高家麟','gjl','7c4a8d09ca3762af61e59520943dc264',NULL,'13800000001',NULL,NULL,'世界这么大，哥要出去走走！',3,1,10000,10000,NULL,'2015-12-10','2015-12-10',1,0);
INSERT INTO SWEET_AUTH_USER VALUES(10002,'zhouhb','周航波','zhb','7c4a8d09ca3762af61e59520943dc264',NULL,'13800000002',NULL,NULL,'世界这么大，哥要出去走走！',2,0,10000,10003,NULL,'2015-12-10','2015-12-21',1,0);
INSERT INTO SWEET_AUTH_USER VALUES(10003,'linjh','林佳航','ljh','7c4a8d09ca3762af61e59520943dc264',NULL,'13800000003',NULL,NULL,'世界这么大，哥要出去走走！',2,0,10000,10002,NULL,'2015-12-10','2015-12-17',1,0);
INSERT INTO SWEET_AUTH_USER VALUES(10004,'guw','顾巍','gw','7c4a8d09ca3762af61e59520943dc264',NULL,'13800000004',NULL,NULL,'世界这么大，哥要出去走走！',3,0,10000,10003,NULL,'2015-12-10','2015-12-10',1,0);
INSERT INTO SWEET_AUTH_USER VALUES(10005,'zhouwg','周文广','zwg','7c4a8d09ca3762af61e59520943dc264',NULL,'13800000005',NULL,NULL,'世界这么大，哥要出去走走！',3,0,10000,10004,NULL,'2015-12-10','2015-12-10',1,0);
INSERT INTO SWEET_AUTH_USER VALUES(10006,'zhaoy','赵洋','zy','7c4a8d09ca3762af61e59520943dc264',NULL,'13800000006',NULL,NULL,'世界这么大，哥要出去走走！',3,0,10000,10005,NULL,'2015-12-10','2015-12-21',0,0);
INSERT INTO SWEET_AUTH_USER VALUES(10007,'huangyj','黄元锦','hyj','7c4a8d09ca3762af61e59520943dc264',NULL,'13800000007',NULL,NULL,'世界这么大，哥要出去走走！',3,0,10000,10006,NULL,'2015-12-10','2015-12-10',1,1);
INSERT INTO SWEET_AUTH_USER VALUES(10008,'shigm','史贵明','sgm','7c4a8d09ca3762af61e59520943dc264',NULL,'13800000008',NULL,NULL,'世界这么大，哥要出去走走！',3,0,10000,10007,NULL,'2015-12-10','2015-12-10',1,0);
INSERT INTO SWEET_AUTH_USER VALUES(10009,'liaosh','廖书浩','lsh','7c4a8d09ca3762af61e59520943dc264',NULL,'13800000009',NULL,NULL,'世界这么大，哥要出去走走！',3,0,10000,10008,NULL,'2015-12-10','2015-12-10',1,0);
INSERT INTO SWEET_AUTH_USER VALUES(10010,'sunwh','孙文航','swh','7c4a8d09ca3762af61e59520943dc264',NULL,'13800000010',NULL,NULL,'世界这么大，哥要出去走走！',3,0,10000,10008,NULL,'2015-12-10','2015-12-21',1,0);
INSERT INTO SWEET_AUTH_USER VALUES(10011,'yaox','姚旭','yx','7c4a8d09ca3762af61e59520943dc264',NULL,'13800000011',NULL,NULL,'世界这么大，哥要出去走走！',3,0,10000,10010,NULL,'2015-12-10','2015-12-10',1,0);
INSERT INTO SWEET_AUTH_USER VALUES(10012,'zhangw','张炜',NULL,'7c4a8d09ca3762af61e59520943dc264',1,'13900000000','zhangw@163.com',NULL,NULL,3,0,10000,10010,NULL,'2015-12-17','2015-12-17',1,0);
INSERT INTO SWEET_AUTH_USER VALUES(10013,'dingsh','丁少华',NULL,'7c4a8d09ca3762af61e59520943dc264',1,'13900000001','zhangw@sohu.com',NULL,NULL,3,0,10000,10010,NULL,'2015-12-17','2015-12-17',1,1);
INSERT INTO SWEET_AUTH_USER VALUES(10014,'wanggq','王国强',NULL,'7c4a8d09ca3762af61e59520943dc264',1,'13900000002',NULL,NULL,NULL,3,0,10000,10010,NULL,'2015-12-17','2015-12-17',1,1);
INSERT INTO SWEET_AUTH_USER VALUES(10015,'yingtff','樱桃菲菲',NULL,'7c4a8d09ca3762af61e59520943dc264',1,NULL,NULL,NULL,NULL,3,0,10000,10010,NULL,'2015-12-17','2015-12-17',1,1);
INSERT INTO SWEET_AUTH_USER VALUES(10016,'zhangy','张扬',NULL,'7c4a8d09ca3762af61e59520943dc264',1,NULL,NULL,NULL,NULL,3,0,10000,10010,NULL,'2015-12-17','2015-12-17',1,1);
INSERT INTO SWEET_AUTH_USER VALUES(10017,'amida','阿米达',NULL,'7c4a8d09ca3762af61e59520943dc264',1,NULL,NULL,NULL,NULL,3,0,10000,10010,NULL,'2015-12-17','2015-12-17',1,1);
INSERT INTO SWEET_AUTH_USER VALUES(10018,'huangyj','黄远锦',NULL,'7c4a8d09ca3762af61e59520943dc264',1,'13900000003','wangjq@sohu.com',NULL,NULL,3,0,10000,10010,NULL,'2015-12-17','2015-12-27',1,0);
INSERT INTO SWEET_AUTH_USER VALUES(10019,'liub','刘斌',NULL,'7c4a8d09ca3762af61e59520943dc264',1,'13900000004',NULL,NULL,NULL,3,0,10000,10010,NULL,'2015-12-20','2015-12-20',1,1);
INSERT INTO SWEET_AUTH_USER VALUES(10020,'lifang','李放',NULL,'7c4a8d09ca3762af61e59520943dc264',1,'13900000005','lifang2@sohu.com',NULL,NULL,3,0,10000,10009,NULL,'2015-12-21','2015-12-21',1,1);
INSERT INTO SWEET_AUTH_USER VALUES(10021,'lixm','李晓明',NULL,'7c4a8d09ca3762af61e59520943dc264',1,'13900000006','lix88@153.com',NULL,NULL,3,0,10000,10009,NULL,'2015-12-21','2016-06-24',1,0);
INSERT INTO SWEET_AUTH_USER VALUES(10022,'zhangwe','张威',NULL,'7c4a8d09ca3762af61e59520943dc264',1,'13900000007',NULL,NULL,NULL,3,0,10000,10009,NULL,'2015-12-21','2015-12-28',1,0);

INSERT INTO SWEET_AUTH_MENU VALUES(10000,2,'个人设置',2,3,1,1,NULL,'app.prosetting',2,'2015-12-10','2015-12-10',1);
INSERT INTO SWEET_AUTH_MENU VALUES(10001,10000,'密码修改',3,3,1,1,NULL,NULL,10032,'2015-12-10','2015-12-10',1);
INSERT INTO SWEET_AUTH_MENU VALUES(10002,10000,'头像上传',3,3,1,2,NULL,NULL,10035,'2015-12-10','2015-12-10',1);
INSERT INTO SWEET_AUTH_MENU VALUES(10003,10000,'修改手机号',3,3,1,3,NULL,NULL,10036,'2015-12-10','2015-12-10',1);
INSERT INTO SWEET_AUTH_MENU VALUES(10004,10000,'个人资料',3,3,1,4,NULL,NULL,10029,'2015-12-10','2015-12-10',1);
INSERT INTO SWEET_AUTH_MENU VALUES(10005,10000,'修改个人资料',3,3,1,5,NULL,NULL,10034,'2015-12-10','2015-12-10',1);
INSERT INTO SWEET_AUTH_MENU VALUES(10011,2,'辅助功能',2,3,1,2,NULL,NULL,2,'2015-12-10','2015-12-10',1);
INSERT INTO SWEET_AUTH_MENU VALUES(10012,10011,'同事查询',3,3,1,1,NULL,NULL,10027,'2015-12-10','2015-12-10',1);
INSERT INTO SWEET_AUTH_MENU VALUES(10013,10011,'组织查询',3,3,1,2,NULL,NULL,10015,'2015-12-10','2015-12-10',1);
INSERT INTO SWEET_AUTH_MENU VALUES(10014,10011,'用户菜单树',3,3,1,3,NULL,NULL,10045,'2015-12-14','2015-12-14',1);
INSERT INTO SWEET_AUTH_MENU VALUES(10020,2,'后台设置',1,2,0,3,'/images/app_setting.png',NULL,2,'2015-12-10','2016-06-22',1);
INSERT INTO SWEET_AUTH_MENU VALUES(10021,10020,'租户设置',1,2,0,1,'fa fa-group','app.tenantsetting',2,'2015-12-10','2015-12-10',1);
INSERT INTO SWEET_AUTH_MENU VALUES(10022,10020,'帐号权限',1,2,0,2,'fa fa-gears','app.auth',2,'2015-12-10','2015-12-10',1);
INSERT INTO SWEET_AUTH_MENU VALUES(10026,10021,'当前租户资料',3,2,0,1,NULL,NULL,10009,'2015-12-10','2015-12-10',1);
INSERT INTO SWEET_AUTH_MENU VALUES(10027,10021,'修改租户资料',3,2,0,2,NULL,NULL,10004,'2015-12-10','2015-12-10',1);
INSERT INTO SWEET_AUTH_MENU VALUES(10028,10021,'修改联系方式',3,2,0,3,NULL,NULL,10006,'2015-12-10','2015-12-10',1);
INSERT INTO SWEET_AUTH_MENU VALUES(10031,10022,'用户管理',1,2,0,1,NULL,'fix.auth.user',2,'2015-12-10','2015-12-10',1);
INSERT INTO SWEET_AUTH_MENU VALUES(10032,10022,'权限分配',1,2,0,2,NULL,'fix.auth.userpck',2,'2015-12-10','2015-12-10',1);
INSERT INTO SWEET_AUTH_MENU VALUES(10033,10022,'菜单管理',1,1,0,3,NULL,'fix.auth.menu',2,'2015-12-10','2015-12-10',1);
INSERT INTO SWEET_AUTH_MENU VALUES(10034,10022,'租户管理',1,1,0,4,NULL,'fix.auth.tenant',2,'2015-12-10','2015-12-10',1);
INSERT INTO SWEET_AUTH_MENU VALUES(10038,10031,'组织树查询',3,2,0,1,NULL,NULL,10015,'2015-12-10','2015-12-10',1);
INSERT INTO SWEET_AUTH_MENU VALUES(10039,10031,'批量新增组织',3,2,0,2,NULL,NULL,10018,'2015-12-10','2015-12-10',1);
INSERT INTO SWEET_AUTH_MENU VALUES(10040,10031,'删除组织',3,2,0,3,NULL,NULL,10020,'2015-12-10','2015-12-10',1);
INSERT INTO SWEET_AUTH_MENU VALUES(10041,10031,'修改组织',3,2,0,4,NULL,NULL,10019,'2015-12-10','2015-12-10',1);
INSERT INTO SWEET_AUTH_MENU VALUES(10042,10031,'更新组织用户',3,2,0,5,NULL,NULL,10021,'2015-12-10','2015-12-10',1);
INSERT INTO SWEET_AUTH_MENU VALUES(10043,10031,'用户列表',3,2,0,6,NULL,NULL,10027,'2015-12-10','2015-12-10',1);
INSERT INTO SWEET_AUTH_MENU VALUES(10044,10031,'组织列表',3,2,0,7,NULL,NULL,10014,'2015-12-10','2015-12-10',1);
INSERT INTO SWEET_AUTH_MENU VALUES(10045,10031,'新增用户',3,2,0,8,NULL,NULL,10030,'2015-12-10','2015-12-10',1);
INSERT INTO SWEET_AUTH_MENU VALUES(10046,10031,'编辑用户',3,2,0,9,NULL,NULL,10037,'2015-12-10','2015-12-10',1);
INSERT INTO SWEET_AUTH_MENU VALUES(10047,10031,'删除用户',3,2,0,10,NULL,NULL,10038,'2015-12-10','2015-12-10',1);
INSERT INTO SWEET_AUTH_MENU VALUES(10048,10031,'启用/禁用用户',3,2,0,11,NULL,NULL,10031,'2015-12-10','2015-12-10',1);
INSERT INTO SWEET_AUTH_MENU VALUES(10049,10031,'重置用户密码',3,2,0,12,NULL,NULL,10033,'2015-12-10','2015-12-10',1);
INSERT INTO SWEET_AUTH_MENU VALUES(10050,10031,'用户组列表',3,2,0,14,NULL,NULL,10039,'2015-12-10','2015-12-10',1);
INSERT INTO SWEET_AUTH_MENU VALUES(10051,10031,'用户组设置',3,2,0,15,NULL,NULL,10040,'2015-12-10','2015-12-10',1);
INSERT INTO SWEET_AUTH_MENU VALUES(10055,10032,'用户组列表',3,2,0,1,NULL,NULL,10067,'2015-12-10','2015-12-10',1);
INSERT INTO SWEET_AUTH_MENU VALUES(10056,10032,'新增用户组',3,2,0,2,NULL,NULL,10068,'2015-12-10','2015-12-10',1);
INSERT INTO SWEET_AUTH_MENU VALUES(10057,10032,'更新用户组',3,2,0,3,NULL,NULL,10069,'2015-12-10','2015-12-10',1);
INSERT INTO SWEET_AUTH_MENU VALUES(10058,10032,'删除用户组',3,2,0,4,NULL,NULL,10070,'2015-12-10','2015-12-10',1);
INSERT INTO SWEET_AUTH_MENU VALUES(10059,10032,'用户组的用户列表',3,2,0,5,NULL,NULL,10071,'2015-12-10','2015-12-10',1);
INSERT INTO SWEET_AUTH_MENU VALUES(10060,10032,'设置用户组的用户',3,2,0,6,NULL,NULL,10072,'2015-12-10','2015-12-10',1);
INSERT INTO SWEET_AUTH_MENU VALUES(10061,10032,'租户菜单树',3,2,0,7,NULL,NULL,10046,'2015-12-10','2015-12-10',1);
INSERT INTO SWEET_AUTH_MENU VALUES(10065,10033,'全局菜单树',3,1,0,1,NULL,NULL,10047,'2015-12-10','2015-12-10',1);
INSERT INTO SWEET_AUTH_MENU VALUES(10066,10033,'新增菜单',3,1,0,2,NULL,NULL,10048,'2015-12-10','2015-12-10',1);
INSERT INTO SWEET_AUTH_MENU VALUES(10067,10033,'启用/禁用菜单',3,1,0,3,NULL,NULL,10049,'2015-12-10','2015-12-10',1);
INSERT INTO SWEET_AUTH_MENU VALUES(10068,10033,'更新菜单',3,1,0,4,NULL,NULL,10050,'2015-12-10','2015-12-10',1);
INSERT INTO SWEET_AUTH_MENU VALUES(10069,10033,'删除菜单',3,1,0,5,NULL,NULL,10051,'2015-12-10','2015-12-10',1);
INSERT INTO SWEET_AUTH_MENU VALUES(10071,10033,'新增功能',3,1,0,7,NULL,NULL,10059,'2015-12-10','2015-12-10',1);
INSERT INTO SWEET_AUTH_MENU VALUES(10072,10033,'更新功能',3,1,0,8,NULL,NULL,10060,'2015-12-10','2015-12-10',1);
INSERT INTO SWEET_AUTH_MENU VALUES(10073,10033,'删除功能',3,1,0,9,NULL,NULL,10061,'2015-12-10','2015-12-10',1);
INSERT INTO SWEET_AUTH_MENU VALUES(10074,10033,'功能TAB列表',3,1,0,10,NULL,NULL,10058,'2015-12-10','2015-12-10',1);
INSERT INTO SWEET_AUTH_MENU VALUES(10080,10034,'租户列表',3,1,0,1,NULL,NULL,10000,'2015-12-10','2015-12-10',1);
INSERT INTO SWEET_AUTH_MENU VALUES(10081,10034,'租户详情',3,1,0,2,NULL,NULL,10001,'2015-12-10','2015-12-10',1);
INSERT INTO SWEET_AUTH_MENU VALUES(10082,10034,'新增租户',3,1,0,3,NULL,NULL,10002,'2015-12-10','2015-12-10',1);
INSERT INTO SWEET_AUTH_MENU VALUES(10083,10034,'删除租户',3,1,0,4,NULL,NULL,10003,'2015-12-10','2015-12-10',1);
INSERT INTO SWEET_AUTH_MENU VALUES(10084,10034,'修改租户资料',3,1,0,5,NULL,NULL,10004,'2015-12-10','2015-12-10',1);
INSERT INTO SWEET_AUTH_MENU VALUES(10085,10034,'启用/禁用租户',3,1,0,6,NULL,NULL,10005,'2015-12-10','2015-12-10',1);
INSERT INTO SWEET_AUTH_MENU VALUES(10086,10034,'不可见菜单列表',3,1,0,7,NULL,NULL,10008,'2015-12-10','2015-12-10',1);
INSERT INTO SWEET_AUTH_MENU VALUES(10087,10034,'不可见菜单设置',3,1,0,8,NULL,NULL,10007,'2015-12-10','2015-12-10',1);
INSERT INTO SWEET_AUTH_MENU VALUES(100024,10033,'功能列表',3,1,0,6,NULL,NULL,10057,'2015-12-22','2015-12-22',1);


INSERT INTO SWEET_AUTH_ITEM VALUES(10000,'权限租户','租户列表查询{tenantCode:帐号}{tenantShortname:简称}{tenantName:全称}{tenantStatus:启用/禁用}{tenantParentId:父级租户}','auth/tenant/list',NULL,'2015-12-10','2015-12-10');
INSERT INTO SWEET_AUTH_ITEM VALUES(10001,'权限租户','查询租户详情{tenantId}','auth/tenant','get','2015-12-10','2015-12-10');
INSERT INTO SWEET_AUTH_ITEM VALUES(10002,'权限租户','新增租户，并创建初始管理员用户{tenantCode:帐号（必填）}{tenantShortname:简称}{tenantName:全称（必填）}{tenantContacter:联系人（必填）}{tenantPhone:手机号（必填）}{tenantAddress:租户地址}{tenantParentId:父级租户}','auth/tenant','post','2015-12-10','2015-12-10');
INSERT INTO SWEET_AUTH_ITEM VALUES(10003,'权限租户','删除租户。包括组织、用户数据。软删除方式{tenantId}','auth/tenant','delete','2015-12-10','2015-12-10');
INSERT INTO SWEET_AUTH_ITEM VALUES(10004,'权限租户','更新租户名称等信息{tenantId}{tenantShortname:简称}{tenantName:全称}{tenantContacter:联系人}{tenantAddress:租户地址}{tenantParentId:父级租户}','auth/tenant','put','2015-12-10','2015-12-10');
INSERT INTO SWEET_AUTH_ITEM VALUES(10005,'权限租户','启用/禁用租户{tenantId}{tenantStatus}','auth/tenant/status','put','2015-12-10','2015-12-10');
INSERT INTO SWEET_AUTH_ITEM VALUES(10006,'权限租户','修改租户手机号（联系方式）{tenantPhone}','auth/tenant/phone','put','2015-12-10','2015-12-10');
INSERT INTO SWEET_AUTH_ITEM VALUES(10007,'权限租户','设置租户不可见菜单项（覆盖原有设置）{tenantId}{menuId:Id集合}','auth/tenantmenu','post','2015-12-10','2015-12-10');
INSERT INTO SWEET_AUTH_ITEM VALUES(10008,'权限租户','查询租户的不可见菜单项{tenantId}','auth/tenantmenu','get','2015-12-10','2015-12-10');
INSERT INTO SWEET_AUTH_ITEM VALUES(10009,'权限租户','当前租户详情','auth/currenttenant','get','2015-12-10','2015-12-10');
INSERT INTO SWEET_AUTH_ITEM VALUES(10014,'权限组织','租户的组织列表查询{orgName:组织名称}{orgParentId:父级组织}','auth/org/list',NULL,'2015-12-10','2015-12-10');
INSERT INTO SWEET_AUTH_ITEM VALUES(10015,'权限组织','租户的组织树（OrgNode）结构','auth/org/tree','get','2015-12-10','2015-12-10');
INSERT INTO SWEET_AUTH_ITEM VALUES(10016,'权限组织','新增组织{orgCode:编号}{orgName:名称（必填）}{orgResponsibleId:负责人}{orgSerialNo:序号}{orgParentId:父级组织}','auth/org','post','2015-12-10','2015-12-10');
INSERT INTO SWEET_AUTH_ITEM VALUES(10017,'权限组织','查询组织详情{orgId}','auth/org','get','2015-12-10','2015-12-10');
INSERT INTO SWEET_AUTH_ITEM VALUES(10018,'权限组织','在指定的父组织下，批量新增组织信息。该方法不会设置编号、负责人等信息{orgId}{orgName:名称数组}','auth/org/battch','post','2015-12-10','2015-12-10');
INSERT INTO SWEET_AUTH_ITEM VALUES(10019,'权限组织','更新组织名称、父组织等信息{orgId:组织标识}{orgName:组织名称}{orgParentId:父组织}{orgResponsibleId:负责人}{orgSerialNo:序号}','auth/org','put','2015-12-10','2015-12-10');
INSERT INTO SWEET_AUTH_ITEM VALUES(10020,'权限组织','删除组织及其下属子组织{orgId}{userDel:TRUE,同时删除其下所有用户;FALSE,同时断开其下所有用户的组织关系;缺省为TRUE}','auth/org','delete','2015-12-10','2015-12-10');
INSERT INTO SWEET_AUTH_ITEM VALUES(10021,'权限组织','批量更新组织的用户{userId:用户标识数组}','auth/orguser','put','2015-12-10','2015-12-10');
INSERT INTO SWEET_AUTH_ITEM VALUES(10027,'权限用户','租户的用户列表查询{userCode}{userName}{userPingyin:用于姓名首字母拼音的模糊查询}{userMobile}{userEmail}{userRole}{userOrgId}','auth/user/list',NULL,'2015-12-10','2015-12-10');
INSERT INTO SWEET_AUTH_ITEM VALUES(10028,'权限用户','查询用户详情{userId}','auth/user','get','2015-12-10','2015-12-10');
INSERT INTO SWEET_AUTH_ITEM VALUES(10029,'权限用户','当前用户详情','auth/currentuser','get','2015-12-10','2015-12-10');
INSERT INTO SWEET_AUTH_ITEM VALUES(10030,'权限用户','新增用户{userCode:必填}{userName:必填}{userMobile}{userEmail}{userOrgId}','auth/user','post','2015-12-10','2015-12-10');
INSERT INTO SWEET_AUTH_ITEM VALUES(10031,'权限用户','启用/禁用用户{userId}{userStatus}','auth/user/status','put','2015-12-10','2015-12-10');
INSERT INTO SWEET_AUTH_ITEM VALUES(10032,'权限用户','用户密码修改{oldpsw}{newpsw}','auth/user/psw','put','2015-12-10','2015-12-10');
INSERT INTO SWEET_AUTH_ITEM VALUES(10033,'权限用户','用户密码重置（初始密码：123456）{userId}','auth/user/resetpsw','put','2015-12-10','2015-12-10');
INSERT INTO SWEET_AUTH_ITEM VALUES(10034,'权限用户','更新当前用户资料{userName}{userSign}{userEmail}','auth/user/sign','put','2015-12-10','2015-12-10');
INSERT INTO SWEET_AUTH_ITEM VALUES(10035,'权限用户','当前用户头像上传{userImg:为file类型}','auth/user/img','post','2015-12-10','2015-12-10');
INSERT INTO SWEET_AUTH_ITEM VALUES(10036,'权限用户','当前用户手机号码修改{mobile}','auth/user/mobile','put','2015-12-10','2015-12-10');
INSERT INTO SWEET_AUTH_ITEM VALUES(10037,'权限用户','更新用户名称、组织、角色等信息(管理员使用);{userId}{userCode}{userName}{userEmail}{userOrgId}{userRole}','auth/user','put','2015-12-10','2015-12-10');
INSERT INTO SWEET_AUTH_ITEM VALUES(10038,'权限用户','删除用户及其功能组的关联关系，软删除方式{userId}','auth/user','delete','2015-12-10','2015-12-10');
INSERT INTO SWEET_AUTH_ITEM VALUES(10039,'权限用户','查询用户的功能组列表{userId}','auth/user/itempck','get','2015-12-10','2015-12-10');
INSERT INTO SWEET_AUTH_ITEM VALUES(10040,'权限用户','设置用户关联的功能组（覆盖原有设置）{userId}{pckid:Long[]}','auth/user/itempck','post','2015-12-10','2015-12-10');
INSERT INTO SWEET_AUTH_ITEM VALUES(10045,'权限菜单','当前用户的菜单树（MenuNode）结构','auth/menu/user','get','2015-12-10','2015-12-10');
INSERT INTO SWEET_AUTH_ITEM VALUES(10046,'权限菜单','当前租户的菜单树（MenuNode）结构','auth/menu/tenant','get','2015-12-10','2015-12-10');
INSERT INTO SWEET_AUTH_ITEM VALUES(10047,'权限菜单','全局的菜单树（MenuNode）结构','auth/menu/global','get','2015-12-10','2015-12-10');
INSERT INTO SWEET_AUTH_ITEM VALUES(10048,'权限菜单','新增菜单{MenuName	:必填	}{menuParentId}{menuType}{menuAuthLevel}{menuVisibility}{menuSerialNo}{menuIconClass:icon图标}{menuItemId:与href互斥}{menuHref:与item互斥}','auth/menu','post','2015-12-10','2015-12-10');
INSERT INTO SWEET_AUTH_ITEM VALUES(10049,'权限菜单','启用/禁用菜单{menuId}{menuStatus}','auth/menu/status','put','2015-12-10','2015-12-10');
INSERT INTO SWEET_AUTH_ITEM VALUES(10050,'权限菜单','更新菜单信息{menuId:必填}{menuName}{menuParentId}{menuType}{menuAuthLevel}{menuVisibility}{menuSerialNo}{menuIconClass:icon图标}{menuItemId:与href互斥}{menuHref:与item互斥}','auth/menu','put','2015-12-10','2015-12-10');
INSERT INTO SWEET_AUTH_ITEM VALUES(10051,'权限菜单',' 删除菜单及其子菜单{menuId:必填}','auth/menu','delete','2015-12-10','2015-12-10');
INSERT INTO SWEET_AUTH_ITEM VALUES(10057,'权限功能','功能列表查询{itemTab:功能标签（分类查询用）}{itemUrl}','auth/item/list',NULL,'2015-12-10','2015-12-10');
INSERT INTO SWEET_AUTH_ITEM VALUES(10058,'权限功能','功能的所有TAB列表','auth/item/tablist','get','2015-12-10','2015-12-10');
INSERT INTO SWEET_AUTH_ITEM VALUES(10059,'权限功能','新增功能{itemTab}{itemDescription}{itemUrl:必填}{itemRequestmethod:必填}','auth/item','post','2015-12-10','2015-12-10');
INSERT INTO SWEET_AUTH_ITEM VALUES(10060,'权限功能','更新功能{itemId}{itemTab}{itemDescription}{itemUrl}{itemRequestmethod}','auth/item','put','2015-12-10','2015-12-10');
INSERT INTO SWEET_AUTH_ITEM VALUES(10061,'权限功能','删除功能{itemId}','auth/item','delete','2015-12-10','2015-12-10');
INSERT INTO SWEET_AUTH_ITEM VALUES(10067,'权限用户组','功能组（用户组）列表查询{pckName:用户组名称}','auth/itempck/list',NULL,'2015-12-10','2015-12-10');
INSERT INTO SWEET_AUTH_ITEM VALUES(10068,'权限用户组','新增功能组（用户组）{pckName:用户组名称}{pckMenuId:String[]}','auth/itempck','post','2015-12-10','2015-12-10');
INSERT INTO SWEET_AUTH_ITEM VALUES(10069,'权限用户组','更新功能组（用户组）{pckId}{pckName:用户组名称}{pckMenuId:String[]}','auth/itempck','put','2015-12-10','2015-12-10');
INSERT INTO SWEET_AUTH_ITEM VALUES(10070,'权限用户组','删除功能组（用户组）及其和用户的关联{pckId}','auth/itempck','delete','2015-12-10','2015-12-10');
INSERT INTO SWEET_AUTH_ITEM VALUES(10071,'权限用户组','查询功能组的用户列表{pckId}','auth/itempck/user','get','2015-12-10','2015-12-10');
INSERT INTO SWEET_AUTH_ITEM VALUES(10072,'权限用户组','设置功能组关联的用户（覆盖原有设置）{pckId}{userId:Long[]}','auth/itempck/user','post','2015-12-10','2015-12-10');
