insert into SWEET_AUTH_TENANT (TENANT_ID, TENANT_CODE, TENANT_SHORTNAME, TENANT_NAME, TENANT_CONTACTER, TENANT_PHONE, TENANT_ADDRESS, TENANT_CREATEDON, TENANT_MODIFIEDON, TENANT_STATUS, TENANT_ISDEL)
values (10000, 'evun', '聚有财', '浙江聚有财金融服务有限公司', '杨威', '13812345678', '杭州滨江区江林路1369号', sysdate, sysdate, 1, 0);

insert into SWEET_AUTH_ORG (ORG_ID, ORG_PARENT_ID, ORG_NAME, ORG_RESPONSIBLE_ID, ORG_TENANT_ID, ORG_CREATEDON, ORG_MODIFIEDON, ORG_ISDEL)
values (10000, null, '行政服务中心', 10001, 10000, sysdate, sysdate, 0);
insert into SWEET_AUTH_ORG (ORG_ID, ORG_PARENT_ID, ORG_NAME, ORG_RESPONSIBLE_ID, ORG_TENANT_ID, ORG_CREATEDON, ORG_MODIFIEDON, ORG_ISDEL)
values (10001, null, '技术研发中心', 10002, 10000, sysdate, sysdate, 0);
insert into SWEET_AUTH_ORG (ORG_ID, ORG_PARENT_ID, ORG_NAME, ORG_RESPONSIBLE_ID, ORG_TENANT_ID, ORG_CREATEDON, ORG_MODIFIEDON, ORG_ISDEL)
values (10002, null, '销售运营中心', 10003, 10000, sysdate, sysdate, 0);
insert into SWEET_AUTH_ORG (ORG_ID, ORG_PARENT_ID, ORG_NAME, ORG_RESPONSIBLE_ID, ORG_TENANT_ID, ORG_CREATEDON, ORG_MODIFIEDON, ORG_ISDEL)
values (10003, null, '平台应用部', 10004, 10000, sysdate, sysdate, 0);
insert into SWEET_AUTH_ORG (ORG_ID, ORG_PARENT_ID, ORG_NAME, ORG_RESPONSIBLE_ID, ORG_TENANT_ID, ORG_CREATEDON, ORG_MODIFIEDON, ORG_ISDEL)
values (10004, null, '制造工程部', 10005, 10000, sysdate, sysdate, 0);
insert into SWEET_AUTH_ORG (ORG_ID, ORG_PARENT_ID, ORG_NAME, ORG_RESPONSIBLE_ID, ORG_TENANT_ID, ORG_CREATEDON, ORG_MODIFIEDON, ORG_ISDEL)
values (10005, null, '大客户事业部', 10006, 10000, sysdate, sysdate, 0);
insert into SWEET_AUTH_ORG (ORG_ID, ORG_PARENT_ID, ORG_NAME, ORG_RESPONSIBLE_ID, ORG_TENANT_ID, ORG_CREATEDON, ORG_MODIFIEDON, ORG_ISDEL)
values (10006, null, '车辆系统部', 10007, 10000, sysdate, sysdate, 0);
insert into SWEET_AUTH_ORG (ORG_ID, ORG_PARENT_ID, ORG_NAME, ORG_RESPONSIBLE_ID, ORG_TENANT_ID, ORG_CREATEDON, ORG_MODIFIEDON, ORG_ISDEL)
values (10007, 10000, '人力资源部', 10008, 10000, sysdate, sysdate, 0);
insert into SWEET_AUTH_ORG (ORG_ID, ORG_PARENT_ID, ORG_NAME, ORG_RESPONSIBLE_ID, ORG_TENANT_ID, ORG_CREATEDON, ORG_MODIFIEDON, ORG_ISDEL)
values (10008, 10000, '综合管理部', 10009, 10000, sysdate, sysdate, 0);
insert into SWEET_AUTH_ORG (ORG_ID, ORG_PARENT_ID, ORG_NAME, ORG_RESPONSIBLE_ID, ORG_TENANT_ID, ORG_CREATEDON, ORG_MODIFIEDON, ORG_ISDEL)
values (10009, 10002, '工商企业部', 10010, 10000, sysdate, sysdate, 0);
insert into SWEET_AUTH_ORG (ORG_ID, ORG_PARENT_ID, ORG_NAME, ORG_RESPONSIBLE_ID, ORG_TENANT_ID, ORG_CREATEDON, ORG_MODIFIEDON, ORG_ISDEL)
values (10010, 10002, '数字营销部', 10011, 10000, sysdate, sysdate, 0);

insert into SWEET_AUTH_USER (USER_ID, USER_CODE, USER_NAME, USER_PINGYIN, USER_PASSWORD, USER_MOBILE, USER_SIGN, USER_ROLE, USER_INIT, USER_TENANT_ID, USER_ORG_ID, USER_CREATEDON, USER_MODIFIEDON, USER_STATUS, USER_ISDEL)
values (10000, 'yangw', '杨威', 'yw', '7c4a8d09ca3762af61e59520943dc264', '13800000000', '世界这么大，哥要出去走走！', 1, 1, 10000, 10000, sysdate, sysdate, 1, 0);
insert into SWEET_AUTH_USER (USER_ID, USER_CODE, USER_NAME, USER_PINGYIN, USER_PASSWORD, USER_MOBILE, USER_SIGN, USER_ROLE, USER_INIT, USER_TENANT_ID, USER_ORG_ID, USER_CREATEDON, USER_MODIFIEDON, USER_STATUS, USER_ISDEL)
values (10001, 'gaojl', '高家麟', 'gjl', '7c4a8d09ca3762af61e59520943dc264', '13800000001', '世界这么大，哥要出去走走！', 3, 1, 10000, 10000, sysdate, sysdate, 1, 0);
insert into SWEET_AUTH_USER (USER_ID, USER_CODE, USER_NAME, USER_PINGYIN, USER_PASSWORD, USER_MOBILE, USER_SIGN, USER_ROLE, USER_INIT, USER_TENANT_ID, USER_ORG_ID, USER_CREATEDON, USER_MODIFIEDON, USER_STATUS, USER_ISDEL)
values (10002, 'zhouhb', '周航波', 'zhb', '7c4a8d09ca3762af61e59520943dc264', '13800000002', '世界这么大，哥要出去走走！', 2, 0, 10000, 10001, sysdate, sysdate, 1, 0);
insert into SWEET_AUTH_USER (USER_ID, USER_CODE, USER_NAME, USER_PINGYIN, USER_PASSWORD, USER_MOBILE, USER_SIGN, USER_ROLE, USER_INIT, USER_TENANT_ID, USER_ORG_ID, USER_CREATEDON, USER_MODIFIEDON, USER_STATUS, USER_ISDEL)
values (10003, 'linjh', '林佳航', 'ljh', '7c4a8d09ca3762af61e59520943dc264', '13800000003', '世界这么大，哥要出去走走！', 2, 0, 10000, 10002, sysdate, sysdate, 1, 0);
insert into SWEET_AUTH_USER (USER_ID, USER_CODE, USER_NAME, USER_PINGYIN, USER_PASSWORD, USER_MOBILE, USER_SIGN, USER_ROLE, USER_INIT, USER_TENANT_ID, USER_ORG_ID, USER_CREATEDON, USER_MODIFIEDON, USER_STATUS, USER_ISDEL)
values (10004, 'guw', '顾巍', 'gw', '7c4a8d09ca3762af61e59520943dc264', '13800000004', '世界这么大，哥要出去走走！', 3, 0, 10000, 10003, sysdate, sysdate, 1, 0);
insert into SWEET_AUTH_USER (USER_ID, USER_CODE, USER_NAME, USER_PINGYIN, USER_PASSWORD, USER_MOBILE, USER_SIGN, USER_ROLE, USER_INIT, USER_TENANT_ID, USER_ORG_ID, USER_CREATEDON, USER_MODIFIEDON, USER_STATUS, USER_ISDEL)
values (10005, 'zhouwg', '周文广', 'zwg', '7c4a8d09ca3762af61e59520943dc264', '13800000005', '世界这么大，哥要出去走走！', 3, 0, 10000, 10004, sysdate, sysdate, 1, 0);
insert into SWEET_AUTH_USER (USER_ID, USER_CODE, USER_NAME, USER_PINGYIN, USER_PASSWORD, USER_MOBILE, USER_SIGN, USER_ROLE, USER_INIT, USER_TENANT_ID, USER_ORG_ID, USER_CREATEDON, USER_MODIFIEDON, USER_STATUS, USER_ISDEL)
values (10006, 'zhaoy', '赵洋', 'zy', '7c4a8d09ca3762af61e59520943dc264', '13800000006', '世界这么大，哥要出去走走！', 3, 0, 10000, 10005, sysdate, sysdate, 1, 0);
insert into SWEET_AUTH_USER (USER_ID, USER_CODE, USER_NAME, USER_PINGYIN, USER_PASSWORD, USER_MOBILE, USER_SIGN, USER_ROLE, USER_INIT, USER_TENANT_ID, USER_ORG_ID, USER_CREATEDON, USER_MODIFIEDON, USER_STATUS, USER_ISDEL)
values (10007, 'huangyj', '黄元锦', 'hyj', '7c4a8d09ca3762af61e59520943dc264', '13800000007', '世界这么大，哥要出去走走！', 3, 0, 10000, 10006, sysdate, sysdate, 1, 0);
insert into SWEET_AUTH_USER (USER_ID, USER_CODE, USER_NAME, USER_PINGYIN, USER_PASSWORD, USER_MOBILE, USER_SIGN, USER_ROLE, USER_INIT, USER_TENANT_ID, USER_ORG_ID, USER_CREATEDON, USER_MODIFIEDON, USER_STATUS, USER_ISDEL)
values (10008, 'shigm', '史贵明', 'sgm', '7c4a8d09ca3762af61e59520943dc264', '13800000008', '世界这么大，哥要出去走走！', 3, 0, 10000, 10007, sysdate, sysdate, 1, 0);
insert into SWEET_AUTH_USER (USER_ID, USER_CODE, USER_NAME, USER_PINGYIN, USER_PASSWORD, USER_MOBILE, USER_SIGN, USER_ROLE, USER_INIT, USER_TENANT_ID, USER_ORG_ID, USER_CREATEDON, USER_MODIFIEDON, USER_STATUS, USER_ISDEL)
values (10009, 'liaosh', '廖书浩', 'lsh', '7c4a8d09ca3762af61e59520943dc264', '13800000009', '世界这么大，哥要出去走走！', 3, 0, 10000, 10008, sysdate, sysdate, 1, 0);
insert into SWEET_AUTH_USER (USER_ID, USER_CODE, USER_NAME, USER_PINGYIN, USER_PASSWORD, USER_MOBILE, USER_SIGN, USER_ROLE, USER_INIT, USER_TENANT_ID, USER_ORG_ID, USER_CREATEDON, USER_MODIFIEDON, USER_STATUS, USER_ISDEL)
values (10010, 'sunwh', '孙文航', 'swh', '7c4a8d09ca3762af61e59520943dc264', '13800000010', '世界这么大，哥要出去走走！', 3, 0, 10000, 10009, sysdate, sysdate, 1, 0);
insert into SWEET_AUTH_USER (USER_ID, USER_CODE, USER_NAME, USER_PINGYIN, USER_PASSWORD, USER_MOBILE, USER_SIGN, USER_ROLE, USER_INIT, USER_TENANT_ID, USER_ORG_ID, USER_CREATEDON, USER_MODIFIEDON, USER_STATUS, USER_ISDEL)
values (10011, 'yaox', '姚旭', 'yx', '7c4a8d09ca3762af61e59520943dc264', '13800000011', '世界这么大，哥要出去走走！', 3, 0, 10000, 10010, sysdate, sysdate, 1, 0);

insert into SWEET_AUTH_MENU (MENU_ID, MENU_PARENT_ID, MENU_NAME, MENU_TYPE, MENU_AUTH_LEVEL, MENU_VISIBILITY, MENU_SERIAL_NO, MENU_ICONCLASS, MENU_HREF, MENU_ITEM_ID, MENU_CREATEDON, MENU_MODIFIEDON, MENU_STATUS)
values (10000, null, '个人设置', 2, 3, 1, 1, null, 'app.prosetting', null, sysdate, sysdate, 1);
insert into SWEET_AUTH_MENU (MENU_ID, MENU_PARENT_ID, MENU_NAME, MENU_TYPE, MENU_AUTH_LEVEL, MENU_VISIBILITY, MENU_SERIAL_NO, MENU_ICONCLASS, MENU_HREF, MENU_ITEM_ID, MENU_CREATEDON, MENU_MODIFIEDON, MENU_STATUS)
values (10001, 10000, '密码修改', 3, 3, 1, 1, null, null, 10032, sysdate, sysdate, 1);
insert into SWEET_AUTH_MENU (MENU_ID, MENU_PARENT_ID, MENU_NAME, MENU_TYPE, MENU_AUTH_LEVEL, MENU_VISIBILITY, MENU_SERIAL_NO, MENU_ICONCLASS, MENU_HREF, MENU_ITEM_ID, MENU_CREATEDON, MENU_MODIFIEDON, MENU_STATUS)
values (10002, 10000, '头像上传', 3, 3, 1, 2, null, null, 10035, sysdate, sysdate, 1);
insert into SWEET_AUTH_MENU (MENU_ID, MENU_PARENT_ID, MENU_NAME, MENU_TYPE, MENU_AUTH_LEVEL, MENU_VISIBILITY, MENU_SERIAL_NO, MENU_ICONCLASS, MENU_HREF, MENU_ITEM_ID, MENU_CREATEDON, MENU_MODIFIEDON, MENU_STATUS)
values (10003, 10000, '修改手机号', 3, 3, 1, 3, null, null, 10036, sysdate, sysdate, 1);
insert into SWEET_AUTH_MENU (MENU_ID, MENU_PARENT_ID, MENU_NAME, MENU_TYPE, MENU_AUTH_LEVEL, MENU_VISIBILITY, MENU_SERIAL_NO, MENU_ICONCLASS, MENU_HREF, MENU_ITEM_ID, MENU_CREATEDON, MENU_MODIFIEDON, MENU_STATUS)
values (10004, 10000, '个人资料', 3, 3, 1, 4, null, null, 10029, sysdate, sysdate, 1);
insert into SWEET_AUTH_MENU (MENU_ID, MENU_PARENT_ID, MENU_NAME, MENU_TYPE, MENU_AUTH_LEVEL, MENU_VISIBILITY, MENU_SERIAL_NO, MENU_ICONCLASS, MENU_HREF, MENU_ITEM_ID, MENU_CREATEDON, MENU_MODIFIEDON, MENU_STATUS)
values (10005, 10000, '修改个人资料', 3, 3, 1, 5, null, null, 10034, sysdate, sysdate, 1);
insert into SWEET_AUTH_MENU (MENU_ID, MENU_PARENT_ID, MENU_NAME, MENU_TYPE, MENU_AUTH_LEVEL, MENU_VISIBILITY, MENU_SERIAL_NO, MENU_ICONCLASS, MENU_HREF, MENU_ITEM_ID, MENU_CREATEDON, MENU_MODIFIEDON, MENU_STATUS)
values (10011, null, '辅助功能', 2, 3, 1, 2, null, null, null, sysdate, sysdate, 1);
insert into SWEET_AUTH_MENU (MENU_ID, MENU_PARENT_ID, MENU_NAME, MENU_TYPE, MENU_AUTH_LEVEL, MENU_VISIBILITY, MENU_SERIAL_NO, MENU_ICONCLASS, MENU_HREF, MENU_ITEM_ID, MENU_CREATEDON, MENU_MODIFIEDON, MENU_STATUS)
values (10012, 10011, '同事查询', 3, 3, 1, 1, null, null, 10027, sysdate, sysdate, 1);
insert into SWEET_AUTH_MENU (MENU_ID, MENU_PARENT_ID, MENU_NAME, MENU_TYPE, MENU_AUTH_LEVEL, MENU_VISIBILITY, MENU_SERIAL_NO, MENU_ICONCLASS, MENU_HREF, MENU_ITEM_ID, MENU_CREATEDON, MENU_MODIFIEDON, MENU_STATUS)
values (10013, 10011, '组织查询', 3, 3, 1, 2, null, null, 10015, sysdate, sysdate, 1);
insert into SWEET_AUTH_MENU (MENU_ID, MENU_PARENT_ID, MENU_NAME, MENU_TYPE, MENU_AUTH_LEVEL, MENU_VISIBILITY, MENU_SERIAL_NO, MENU_ICONCLASS, MENU_HREF, MENU_ITEM_ID, MENU_CREATEDON, MENU_MODIFIEDON, MENU_STATUS)
values (10020, null, '后台设置', 1, 2, 0, 3, 'img', 'app.tenantsetting', null, sysdate, sysdate, 1);
insert into SWEET_AUTH_MENU (MENU_ID, MENU_PARENT_ID, MENU_NAME, MENU_TYPE, MENU_AUTH_LEVEL, MENU_VISIBILITY, MENU_SERIAL_NO, MENU_ICONCLASS, MENU_HREF, MENU_ITEM_ID, MENU_CREATEDON, MENU_MODIFIEDON, MENU_STATUS)
values (10021, 10020, '租户设置', 1, 2, 0, 1, 'fa fa-group', 'app.tenantsetting', null, sysdate, sysdate, 1);
insert into SWEET_AUTH_MENU (MENU_ID, MENU_PARENT_ID, MENU_NAME, MENU_TYPE, MENU_AUTH_LEVEL, MENU_VISIBILITY, MENU_SERIAL_NO, MENU_ICONCLASS, MENU_HREF, MENU_ITEM_ID, MENU_CREATEDON, MENU_MODIFIEDON, MENU_STATUS)
values (10022, 10020, '帐号权限', 1, 2, 0, 2, 'fa fa-gears', null, null, sysdate, sysdate, 1);
insert into SWEET_AUTH_MENU (MENU_ID, MENU_PARENT_ID, MENU_NAME, MENU_TYPE, MENU_AUTH_LEVEL, MENU_VISIBILITY, MENU_SERIAL_NO, MENU_ICONCLASS, MENU_HREF, MENU_ITEM_ID, MENU_CREATEDON, MENU_MODIFIEDON, MENU_STATUS)
values (10026, 10021, '当前租户资料', 3, 2, 0, 1, null, null, 10009, sysdate, sysdate, 1);
insert into SWEET_AUTH_MENU (MENU_ID, MENU_PARENT_ID, MENU_NAME, MENU_TYPE, MENU_AUTH_LEVEL, MENU_VISIBILITY, MENU_SERIAL_NO, MENU_ICONCLASS, MENU_HREF, MENU_ITEM_ID, MENU_CREATEDON, MENU_MODIFIEDON, MENU_STATUS)
values (10027, 10021, '修改租户资料', 3, 2, 0, 2, null, null, 10004, sysdate, sysdate, 1);
insert into SWEET_AUTH_MENU (MENU_ID, MENU_PARENT_ID, MENU_NAME, MENU_TYPE, MENU_AUTH_LEVEL, MENU_VISIBILITY, MENU_SERIAL_NO, MENU_ICONCLASS, MENU_HREF, MENU_ITEM_ID, MENU_CREATEDON, MENU_MODIFIEDON, MENU_STATUS)
values (10028, 10021, '修改联系方式', 3, 2, 0, 3, null, null, 10006, sysdate, sysdate, 1);
insert into SWEET_AUTH_MENU (MENU_ID, MENU_PARENT_ID, MENU_NAME, MENU_TYPE, MENU_AUTH_LEVEL, MENU_VISIBILITY, MENU_SERIAL_NO, MENU_ICONCLASS, MENU_HREF, MENU_ITEM_ID, MENU_CREATEDON, MENU_MODIFIEDON, MENU_STATUS)
values (10031, 10022, '用户管理', 1, 2, 0, 1, null, 'app.auth.user', null, sysdate, sysdate, 1);
insert into SWEET_AUTH_MENU (MENU_ID, MENU_PARENT_ID, MENU_NAME, MENU_TYPE, MENU_AUTH_LEVEL, MENU_VISIBILITY, MENU_SERIAL_NO, MENU_ICONCLASS, MENU_HREF, MENU_ITEM_ID, MENU_CREATEDON, MENU_MODIFIEDON, MENU_STATUS)
values (10038, 10031, '组织树查询', 3, 2, 0, 1, null, null, 10015, sysdate, sysdate, 1);
insert into SWEET_AUTH_MENU (MENU_ID, MENU_PARENT_ID, MENU_NAME, MENU_TYPE, MENU_AUTH_LEVEL, MENU_VISIBILITY, MENU_SERIAL_NO, MENU_ICONCLASS, MENU_HREF, MENU_ITEM_ID, MENU_CREATEDON, MENU_MODIFIEDON, MENU_STATUS)
values (10039, 10031, '批量新增组织', 3, 2, 0, 2, null, null, 10018, sysdate, sysdate, 1);
insert into SWEET_AUTH_MENU (MENU_ID, MENU_PARENT_ID, MENU_NAME, MENU_TYPE, MENU_AUTH_LEVEL, MENU_VISIBILITY, MENU_SERIAL_NO, MENU_ICONCLASS, MENU_HREF, MENU_ITEM_ID, MENU_CREATEDON, MENU_MODIFIEDON, MENU_STATUS)
values (10040, 10031, '删除组织', 3, 2, 0, 3, null, null, 10020, sysdate, sysdate, 1);
insert into SWEET_AUTH_MENU (MENU_ID, MENU_PARENT_ID, MENU_NAME, MENU_TYPE, MENU_AUTH_LEVEL, MENU_VISIBILITY, MENU_SERIAL_NO, MENU_ICONCLASS, MENU_HREF, MENU_ITEM_ID, MENU_CREATEDON, MENU_MODIFIEDON, MENU_STATUS)
values (10041, 10031, '修改组织', 3, 2, 0, 4, null, null, 10019, sysdate, sysdate, 1);
insert into SWEET_AUTH_MENU (MENU_ID, MENU_PARENT_ID, MENU_NAME, MENU_TYPE, MENU_AUTH_LEVEL, MENU_VISIBILITY, MENU_SERIAL_NO, MENU_ICONCLASS, MENU_HREF, MENU_ITEM_ID, MENU_CREATEDON, MENU_MODIFIEDON, MENU_STATUS)
values (10042, 10031, '更新组织用户', 3, 2, 0, 5, null, null, 10021, sysdate, sysdate, 1);
insert into SWEET_AUTH_MENU (MENU_ID, MENU_PARENT_ID, MENU_NAME, MENU_TYPE, MENU_AUTH_LEVEL, MENU_VISIBILITY, MENU_SERIAL_NO, MENU_ICONCLASS, MENU_HREF, MENU_ITEM_ID, MENU_CREATEDON, MENU_MODIFIEDON, MENU_STATUS)
values (10043, 10031, '用户列表', 3, 2, 0, 6, null, null, 10027, sysdate, sysdate, 1);
insert into SWEET_AUTH_MENU (MENU_ID, MENU_PARENT_ID, MENU_NAME, MENU_TYPE, MENU_AUTH_LEVEL, MENU_VISIBILITY, MENU_SERIAL_NO, MENU_ICONCLASS, MENU_HREF, MENU_ITEM_ID, MENU_CREATEDON, MENU_MODIFIEDON, MENU_STATUS)
values (10044, 10031, '用户详情', 3, 2, 0, 7, null, null, 10028, sysdate, sysdate, 1);
insert into SWEET_AUTH_MENU (MENU_ID, MENU_PARENT_ID, MENU_NAME, MENU_TYPE, MENU_AUTH_LEVEL, MENU_VISIBILITY, MENU_SERIAL_NO, MENU_ICONCLASS, MENU_HREF, MENU_ITEM_ID, MENU_CREATEDON, MENU_MODIFIEDON, MENU_STATUS)
values (10045, 10031, '新增用户', 3, 2, 0, 8, null, null, 10030, sysdate, sysdate, 1);
insert into SWEET_AUTH_MENU (MENU_ID, MENU_PARENT_ID, MENU_NAME, MENU_TYPE, MENU_AUTH_LEVEL, MENU_VISIBILITY, MENU_SERIAL_NO, MENU_ICONCLASS, MENU_HREF, MENU_ITEM_ID, MENU_CREATEDON, MENU_MODIFIEDON, MENU_STATUS)
values (10046, 10031, '编辑用户', 3, 2, 0, 9, null, null, 10037, sysdate, sysdate, 1);
insert into SWEET_AUTH_MENU (MENU_ID, MENU_PARENT_ID, MENU_NAME, MENU_TYPE, MENU_AUTH_LEVEL, MENU_VISIBILITY, MENU_SERIAL_NO, MENU_ICONCLASS, MENU_HREF, MENU_ITEM_ID, MENU_CREATEDON, MENU_MODIFIEDON, MENU_STATUS)
values (10047, 10031, '删除用户', 3, 2, 0, 10, null, null, 10038, sysdate, sysdate, 1);
insert into SWEET_AUTH_MENU (MENU_ID, MENU_PARENT_ID, MENU_NAME, MENU_TYPE, MENU_AUTH_LEVEL, MENU_VISIBILITY, MENU_SERIAL_NO, MENU_ICONCLASS, MENU_HREF, MENU_ITEM_ID, MENU_CREATEDON, MENU_MODIFIEDON, MENU_STATUS)
values (10048, 10031, '启用/禁用用户', 3, 2, 0, 11, null, null, 10031, sysdate, sysdate, 1);
insert into SWEET_AUTH_MENU (MENU_ID, MENU_PARENT_ID, MENU_NAME, MENU_TYPE, MENU_AUTH_LEVEL, MENU_VISIBILITY, MENU_SERIAL_NO, MENU_ICONCLASS, MENU_HREF, MENU_ITEM_ID, MENU_CREATEDON, MENU_MODIFIEDON, MENU_STATUS)
values (10049, 10031, '重置用户密码', 3, 2, 0, 12, null, null, 10033, sysdate, sysdate, 1);
insert into SWEET_AUTH_MENU (MENU_ID, MENU_PARENT_ID, MENU_NAME, MENU_TYPE, MENU_AUTH_LEVEL, MENU_VISIBILITY, MENU_SERIAL_NO, MENU_ICONCLASS, MENU_HREF, MENU_ITEM_ID, MENU_CREATEDON, MENU_MODIFIEDON, MENU_STATUS)
values (10050, 10031, '用户组列表', 3, 2, 0, 14, null, null, 10039, sysdate, sysdate, 1);
insert into SWEET_AUTH_MENU (MENU_ID, MENU_PARENT_ID, MENU_NAME, MENU_TYPE, MENU_AUTH_LEVEL, MENU_VISIBILITY, MENU_SERIAL_NO, MENU_ICONCLASS, MENU_HREF, MENU_ITEM_ID, MENU_CREATEDON, MENU_MODIFIEDON, MENU_STATUS)
values (10051, 10031, '用户组设置', 3, 2, 0, 15, null, null, 10040, sysdate, sysdate, 1);
insert into SWEET_AUTH_MENU (MENU_ID, MENU_PARENT_ID, MENU_NAME, MENU_TYPE, MENU_AUTH_LEVEL, MENU_VISIBILITY, MENU_SERIAL_NO, MENU_ICONCLASS, MENU_HREF, MENU_ITEM_ID, MENU_CREATEDON, MENU_MODIFIEDON, MENU_STATUS)
values (10032, 10022, '权限分配', 1, 2, 0, 2, null, 'app.auth.userpck', null, sysdate, sysdate, 1);
insert into SWEET_AUTH_MENU (MENU_ID, MENU_PARENT_ID, MENU_NAME, MENU_TYPE, MENU_AUTH_LEVEL, MENU_VISIBILITY, MENU_SERIAL_NO, MENU_ICONCLASS, MENU_HREF, MENU_ITEM_ID, MENU_CREATEDON, MENU_MODIFIEDON, MENU_STATUS)
values (10055, 10032, '用户组列表', 3, 2, 0, 1, null, null, 10067, sysdate, sysdate, 1);
insert into SWEET_AUTH_MENU (MENU_ID, MENU_PARENT_ID, MENU_NAME, MENU_TYPE, MENU_AUTH_LEVEL, MENU_VISIBILITY, MENU_SERIAL_NO, MENU_ICONCLASS, MENU_HREF, MENU_ITEM_ID, MENU_CREATEDON, MENU_MODIFIEDON, MENU_STATUS)
values (10056, 10032, '新增用户组', 3, 2, 0, 2, null, null, 10068, sysdate, sysdate, 1);
insert into SWEET_AUTH_MENU (MENU_ID, MENU_PARENT_ID, MENU_NAME, MENU_TYPE, MENU_AUTH_LEVEL, MENU_VISIBILITY, MENU_SERIAL_NO, MENU_ICONCLASS, MENU_HREF, MENU_ITEM_ID, MENU_CREATEDON, MENU_MODIFIEDON, MENU_STATUS)
values (10057, 10032, '更新用户组', 3, 2, 0, 3, null, null, 10069, sysdate, sysdate, 1);
insert into SWEET_AUTH_MENU (MENU_ID, MENU_PARENT_ID, MENU_NAME, MENU_TYPE, MENU_AUTH_LEVEL, MENU_VISIBILITY, MENU_SERIAL_NO, MENU_ICONCLASS, MENU_HREF, MENU_ITEM_ID, MENU_CREATEDON, MENU_MODIFIEDON, MENU_STATUS)
values (10058, 10032, '删除用户组', 3, 2, 0, 4, null, null, 10070, sysdate, sysdate, 1);
insert into SWEET_AUTH_MENU (MENU_ID, MENU_PARENT_ID, MENU_NAME, MENU_TYPE, MENU_AUTH_LEVEL, MENU_VISIBILITY, MENU_SERIAL_NO, MENU_ICONCLASS, MENU_HREF, MENU_ITEM_ID, MENU_CREATEDON, MENU_MODIFIEDON, MENU_STATUS)
values (10059, 10032, '用户组的用户列表', 3, 2, 0, 5, null, null, 10071, sysdate, sysdate, 1);
insert into SWEET_AUTH_MENU (MENU_ID, MENU_PARENT_ID, MENU_NAME, MENU_TYPE, MENU_AUTH_LEVEL, MENU_VISIBILITY, MENU_SERIAL_NO, MENU_ICONCLASS, MENU_HREF, MENU_ITEM_ID, MENU_CREATEDON, MENU_MODIFIEDON, MENU_STATUS)
values (10060, 10032, '设置用户组的用户', 3, 2, 0, 6, null, null, 10072, sysdate, sysdate, 1);
insert into SWEET_AUTH_MENU (MENU_ID, MENU_PARENT_ID, MENU_NAME, MENU_TYPE, MENU_AUTH_LEVEL, MENU_VISIBILITY, MENU_SERIAL_NO, MENU_ICONCLASS, MENU_HREF, MENU_ITEM_ID, MENU_CREATEDON, MENU_MODIFIEDON, MENU_STATUS)
values (10061, 10032, '租户菜单树', 3, 2, 0, 7, null, null, 10046, sysdate, sysdate, 1);
insert into SWEET_AUTH_MENU (MENU_ID, MENU_PARENT_ID, MENU_NAME, MENU_TYPE, MENU_AUTH_LEVEL, MENU_VISIBILITY, MENU_SERIAL_NO, MENU_ICONCLASS, MENU_HREF, MENU_ITEM_ID, MENU_CREATEDON, MENU_MODIFIEDON, MENU_STATUS)
values (10033, 10022, '菜单管理', 1, 1, 0, 3, null, 'app.auth.menu', null, sysdate, sysdate, 1);
insert into SWEET_AUTH_MENU (MENU_ID, MENU_PARENT_ID, MENU_NAME, MENU_TYPE, MENU_AUTH_LEVEL, MENU_VISIBILITY, MENU_SERIAL_NO, MENU_ICONCLASS, MENU_HREF, MENU_ITEM_ID, MENU_CREATEDON, MENU_MODIFIEDON, MENU_STATUS)
values (10065, 10033, '全局菜单树', 3, 1, 0, 1, null, null, 10047, sysdate, sysdate, 1);
insert into SWEET_AUTH_MENU (MENU_ID, MENU_PARENT_ID, MENU_NAME, MENU_TYPE, MENU_AUTH_LEVEL, MENU_VISIBILITY, MENU_SERIAL_NO, MENU_ICONCLASS, MENU_HREF, MENU_ITEM_ID, MENU_CREATEDON, MENU_MODIFIEDON, MENU_STATUS)
values (10066, 10033, '新增菜单', 3, 1, 0, 2, null, null, 10048, sysdate, sysdate, 1);
insert into SWEET_AUTH_MENU (MENU_ID, MENU_PARENT_ID, MENU_NAME, MENU_TYPE, MENU_AUTH_LEVEL, MENU_VISIBILITY, MENU_SERIAL_NO, MENU_ICONCLASS, MENU_HREF, MENU_ITEM_ID, MENU_CREATEDON, MENU_MODIFIEDON, MENU_STATUS)
values (10067, 10033, '启用/禁用菜单', 3, 1, 0, 3, null, null, 10049, sysdate, sysdate, 1);
insert into SWEET_AUTH_MENU (MENU_ID, MENU_PARENT_ID, MENU_NAME, MENU_TYPE, MENU_AUTH_LEVEL, MENU_VISIBILITY, MENU_SERIAL_NO, MENU_ICONCLASS, MENU_HREF, MENU_ITEM_ID, MENU_CREATEDON, MENU_MODIFIEDON, MENU_STATUS)
values (10068, 10033, '更新菜单', 3, 1, 0, 4, null, null, 10050, sysdate, sysdate, 1);
insert into SWEET_AUTH_MENU (MENU_ID, MENU_PARENT_ID, MENU_NAME, MENU_TYPE, MENU_AUTH_LEVEL, MENU_VISIBILITY, MENU_SERIAL_NO, MENU_ICONCLASS, MENU_HREF, MENU_ITEM_ID, MENU_CREATEDON, MENU_MODIFIEDON, MENU_STATUS)
values (10069, 10033, '删除菜单', 3, 1, 0, 5, null, null, 10051, sysdate, sysdate, 1);
insert into SWEET_AUTH_MENU (MENU_ID, MENU_PARENT_ID, MENU_NAME, MENU_TYPE, MENU_AUTH_LEVEL, MENU_VISIBILITY, MENU_SERIAL_NO, MENU_ICONCLASS, MENU_HREF, MENU_ITEM_ID, MENU_CREATEDON, MENU_MODIFIEDON, MENU_STATUS)
values (10070, 10033, '功能列表', 3, 1, 0, 6, null, null, 10057, sysdate, sysdate, 1);
insert into SWEET_AUTH_MENU (MENU_ID, MENU_PARENT_ID, MENU_NAME, MENU_TYPE, MENU_AUTH_LEVEL, MENU_VISIBILITY, MENU_SERIAL_NO, MENU_ICONCLASS, MENU_HREF, MENU_ITEM_ID, MENU_CREATEDON, MENU_MODIFIEDON, MENU_STATUS)
values (10071, 10033, '新增功能', 3, 1, 0, 7, null, null, 10059, sysdate, sysdate, 1);
insert into SWEET_AUTH_MENU (MENU_ID, MENU_PARENT_ID, MENU_NAME, MENU_TYPE, MENU_AUTH_LEVEL, MENU_VISIBILITY, MENU_SERIAL_NO, MENU_ICONCLASS, MENU_HREF, MENU_ITEM_ID, MENU_CREATEDON, MENU_MODIFIEDON, MENU_STATUS)
values (10072, 10033, '更新功能', 3, 1, 0, 8, null, null, 10060, sysdate, sysdate, 1);
insert into SWEET_AUTH_MENU (MENU_ID, MENU_PARENT_ID, MENU_NAME, MENU_TYPE, MENU_AUTH_LEVEL, MENU_VISIBILITY, MENU_SERIAL_NO, MENU_ICONCLASS, MENU_HREF, MENU_ITEM_ID, MENU_CREATEDON, MENU_MODIFIEDON, MENU_STATUS)
values (10073, 10033, '删除功能', 3, 1, 0, 9, null, null, 10061, sysdate, sysdate, 1);
insert into SWEET_AUTH_MENU (MENU_ID, MENU_PARENT_ID, MENU_NAME, MENU_TYPE, MENU_AUTH_LEVEL, MENU_VISIBILITY, MENU_SERIAL_NO, MENU_ICONCLASS, MENU_HREF, MENU_ITEM_ID, MENU_CREATEDON, MENU_MODIFIEDON, MENU_STATUS)
values (10074, 10033, '功能TAB列表', 3, 1, 0, 10, null, null, 10058, sysdate, sysdate, 1);
insert into SWEET_AUTH_MENU (MENU_ID, MENU_PARENT_ID, MENU_NAME, MENU_TYPE, MENU_AUTH_LEVEL, MENU_VISIBILITY, MENU_SERIAL_NO, MENU_ICONCLASS, MENU_HREF, MENU_ITEM_ID, MENU_CREATEDON, MENU_MODIFIEDON, MENU_STATUS)
values (10034, 10022, '租户管理', 1, 1, 0, 4, null, 'app.auth.tenant', null, sysdate, sysdate, 1);
insert into SWEET_AUTH_MENU (MENU_ID, MENU_PARENT_ID, MENU_NAME, MENU_TYPE, MENU_AUTH_LEVEL, MENU_VISIBILITY, MENU_SERIAL_NO, MENU_ICONCLASS, MENU_HREF, MENU_ITEM_ID, MENU_CREATEDON, MENU_MODIFIEDON, MENU_STATUS)
values (10080, 10034, '租户列表', 3, 1, 0, 1, null, null, 10000, sysdate, sysdate, 1);
insert into SWEET_AUTH_MENU (MENU_ID, MENU_PARENT_ID, MENU_NAME, MENU_TYPE, MENU_AUTH_LEVEL, MENU_VISIBILITY, MENU_SERIAL_NO, MENU_ICONCLASS, MENU_HREF, MENU_ITEM_ID, MENU_CREATEDON, MENU_MODIFIEDON, MENU_STATUS)
values (10081, 10034, '租户详情', 3, 1, 0, 2, null, null, 10001, sysdate, sysdate, 1);
insert into SWEET_AUTH_MENU (MENU_ID, MENU_PARENT_ID, MENU_NAME, MENU_TYPE, MENU_AUTH_LEVEL, MENU_VISIBILITY, MENU_SERIAL_NO, MENU_ICONCLASS, MENU_HREF, MENU_ITEM_ID, MENU_CREATEDON, MENU_MODIFIEDON, MENU_STATUS)
values (10082, 10034, '新增租户', 3, 1, 0, 3, null, null, 10002, sysdate, sysdate, 1);
insert into SWEET_AUTH_MENU (MENU_ID, MENU_PARENT_ID, MENU_NAME, MENU_TYPE, MENU_AUTH_LEVEL, MENU_VISIBILITY, MENU_SERIAL_NO, MENU_ICONCLASS, MENU_HREF, MENU_ITEM_ID, MENU_CREATEDON, MENU_MODIFIEDON, MENU_STATUS)
values (10083, 10034, '删除租户', 3, 1, 0, 4, null, null, 10003, sysdate, sysdate, 1);
insert into SWEET_AUTH_MENU (MENU_ID, MENU_PARENT_ID, MENU_NAME, MENU_TYPE, MENU_AUTH_LEVEL, MENU_VISIBILITY, MENU_SERIAL_NO, MENU_ICONCLASS, MENU_HREF, MENU_ITEM_ID, MENU_CREATEDON, MENU_MODIFIEDON, MENU_STATUS)
values (10084, 10034, '修改租户资料', 3, 1, 0, 5, null, null, 10004, sysdate, sysdate, 1);
insert into SWEET_AUTH_MENU (MENU_ID, MENU_PARENT_ID, MENU_NAME, MENU_TYPE, MENU_AUTH_LEVEL, MENU_VISIBILITY, MENU_SERIAL_NO, MENU_ICONCLASS, MENU_HREF, MENU_ITEM_ID, MENU_CREATEDON, MENU_MODIFIEDON, MENU_STATUS)
values (10085, 10034, '启用/禁用租户', 3, 1, 0, 6, null, null, 10005, sysdate, sysdate, 1);
insert into SWEET_AUTH_MENU (MENU_ID, MENU_PARENT_ID, MENU_NAME, MENU_TYPE, MENU_AUTH_LEVEL, MENU_VISIBILITY, MENU_SERIAL_NO, MENU_ICONCLASS, MENU_HREF, MENU_ITEM_ID, MENU_CREATEDON, MENU_MODIFIEDON, MENU_STATUS)
values (10086, 10034, '不可见菜单列表', 3, 1, 0, 7, null, null, 10008, sysdate, sysdate, 1);
insert into SWEET_AUTH_MENU (MENU_ID, MENU_PARENT_ID, MENU_NAME, MENU_TYPE, MENU_AUTH_LEVEL, MENU_VISIBILITY, MENU_SERIAL_NO, MENU_ICONCLASS, MENU_HREF, MENU_ITEM_ID, MENU_CREATEDON, MENU_MODIFIEDON, MENU_STATUS)
values (10087, 10034, '不可见菜单设置', 3, 1, 0, 8, null, null, 10007, sysdate, sysdate, 1);

insert into SWEET_AUTH_ITEM (ITEM_ID, ITEM_TAB, ITEM_DESCRIPTION, ITEM_URL, ITEM_REQUESTMETHOD, ITEM_CREATEDON, ITEM_MODIFIEDON)
values (10000, '权限租户', '租户列表查询{tenantCode:帐号}{tenantShortname:简称}{tenantName:全称}{tenantStatus:启用/禁用}{tenantParentId:父级租户}', 'auth/tenant/list', null, sysdate, sysdate);
insert into SWEET_AUTH_ITEM (ITEM_ID, ITEM_TAB, ITEM_DESCRIPTION, ITEM_URL, ITEM_REQUESTMETHOD, ITEM_CREATEDON, ITEM_MODIFIEDON)
values (10001, '权限租户', '查询租户详情{tenantId}', 'auth/tenant', 'get', sysdate, sysdate);
insert into SWEET_AUTH_ITEM (ITEM_ID, ITEM_TAB, ITEM_DESCRIPTION, ITEM_URL, ITEM_REQUESTMETHOD, ITEM_CREATEDON, ITEM_MODIFIEDON)
values (10002, '权限租户', '新增租户，并创建初始管理员用户{tenantCode:帐号（必填）}{tenantShortname:简称}{tenantName:全称（必填）}{tenantContacter:联系人（必填）}{tenantPhone:手机号（必填）}{tenantAddress:租户地址}{tenantParentId:父级租户}', 'auth/tenant', 'post', sysdate, sysdate);
insert into SWEET_AUTH_ITEM (ITEM_ID, ITEM_TAB, ITEM_DESCRIPTION, ITEM_URL, ITEM_REQUESTMETHOD, ITEM_CREATEDON, ITEM_MODIFIEDON)
values (10003, '权限租户', '删除租户。包括组织、用户数据。软删除方式{tenantId}', 'auth/tenant', 'delete', sysdate, sysdate);
insert into SWEET_AUTH_ITEM (ITEM_ID, ITEM_TAB, ITEM_DESCRIPTION, ITEM_URL, ITEM_REQUESTMETHOD, ITEM_CREATEDON, ITEM_MODIFIEDON)
values (10004, '权限租户', '更新租户名称等信息{tenantId}{tenantShortname:简称}{tenantName:全称}{tenantContacter:联系人}{tenantAddress:租户地址}{tenantParentId:父级租户}', 'auth/tenant', 'put', sysdate, sysdate);
insert into SWEET_AUTH_ITEM (ITEM_ID, ITEM_TAB, ITEM_DESCRIPTION, ITEM_URL, ITEM_REQUESTMETHOD, ITEM_CREATEDON, ITEM_MODIFIEDON)
values (10005, '权限租户', '启用/禁用租户{tenantId}{tenantStatus}', 'auth/tenant/status', 'put', sysdate, sysdate);
insert into SWEET_AUTH_ITEM (ITEM_ID, ITEM_TAB, ITEM_DESCRIPTION, ITEM_URL, ITEM_REQUESTMETHOD, ITEM_CREATEDON, ITEM_MODIFIEDON)
values (10006, '权限租户', '修改租户手机号（联系方式）{tenantPhone}', 'auth/tenant/phone', 'put', sysdate, sysdate);
insert into SWEET_AUTH_ITEM (ITEM_ID, ITEM_TAB, ITEM_DESCRIPTION, ITEM_URL, ITEM_REQUESTMETHOD, ITEM_CREATEDON, ITEM_MODIFIEDON)
values (10007, '权限租户', '设置租户不可见菜单项（覆盖原有设置）{tenantId}{menuId:Id集合}', 'auth/tenantmenu', 'post', sysdate, sysdate);
insert into SWEET_AUTH_ITEM (ITEM_ID, ITEM_TAB, ITEM_DESCRIPTION, ITEM_URL, ITEM_REQUESTMETHOD, ITEM_CREATEDON, ITEM_MODIFIEDON)
values (10008, '权限租户', '查询租户的不可见菜单项{tenantId}', 'auth/tenantmenu', 'get', sysdate, sysdate);
insert into SWEET_AUTH_ITEM (ITEM_ID, ITEM_TAB, ITEM_DESCRIPTION, ITEM_URL, ITEM_REQUESTMETHOD, ITEM_CREATEDON, ITEM_MODIFIEDON)
values (10009, '权限租户', '当前租户详情', 'auth/currenttenant', 'get', sysdate, sysdate);
insert into SWEET_AUTH_ITEM (ITEM_ID, ITEM_TAB, ITEM_DESCRIPTION, ITEM_URL, ITEM_REQUESTMETHOD, ITEM_CREATEDON, ITEM_MODIFIEDON)
values (10014, '权限组织', '租户的组织列表查询{orgName:组织名称}{orgParentId:父级组织}', 'auth/org/list', null, sysdate, sysdate);
insert into SWEET_AUTH_ITEM (ITEM_ID, ITEM_TAB, ITEM_DESCRIPTION, ITEM_URL, ITEM_REQUESTMETHOD, ITEM_CREATEDON, ITEM_MODIFIEDON)
values (10015, '权限组织', '租户的组织树（OrgNode）结构', 'auth/org/tree', 'get', sysdate, sysdate);
insert into SWEET_AUTH_ITEM (ITEM_ID, ITEM_TAB, ITEM_DESCRIPTION, ITEM_URL, ITEM_REQUESTMETHOD, ITEM_CREATEDON, ITEM_MODIFIEDON)
values (10016, '权限组织', '新增组织{orgCode:编号}{orgName:名称（必填）}{orgResponsibleId:负责人}{orgSerialNo:序号}{orgParentId:父级组织}', 'auth/org', 'post', sysdate, sysdate);
insert into SWEET_AUTH_ITEM (ITEM_ID, ITEM_TAB, ITEM_DESCRIPTION, ITEM_URL, ITEM_REQUESTMETHOD, ITEM_CREATEDON, ITEM_MODIFIEDON)
values (10017, '权限组织', '查询组织详情{orgId}', 'auth/org', 'get', sysdate, sysdate);
insert into SWEET_AUTH_ITEM (ITEM_ID, ITEM_TAB, ITEM_DESCRIPTION, ITEM_URL, ITEM_REQUESTMETHOD, ITEM_CREATEDON, ITEM_MODIFIEDON)
values (10018, '权限组织', '在指定的父组织下，批量新增组织信息。该方法不会设置编号、负责人等信息{orgId}{orgName:名称数组}', 'auth/org/battch', 'post', sysdate, sysdate);
insert into SWEET_AUTH_ITEM (ITEM_ID, ITEM_TAB, ITEM_DESCRIPTION, ITEM_URL, ITEM_REQUESTMETHOD, ITEM_CREATEDON, ITEM_MODIFIEDON)
values (10019, '权限组织', '更新组织名称、父组织等信息{orgId:组织标识}{orgName:组织名称}{orgParentId:父组织}{orgResponsibleId:负责人}{orgSerialNo:序号}', 'auth/org', 'put', sysdate, sysdate);
insert into SWEET_AUTH_ITEM (ITEM_ID, ITEM_TAB, ITEM_DESCRIPTION, ITEM_URL, ITEM_REQUESTMETHOD, ITEM_CREATEDON, ITEM_MODIFIEDON)
values (10020, '权限组织', '删除组织及其下属子组织{orgId}{userDel:TRUE,同时删除其下所有用户;FALSE,同时断开其下所有用户的组织关系;缺省为TRUE}', 'auth/org', 'delete', sysdate, sysdate);
insert into SWEET_AUTH_ITEM (ITEM_ID, ITEM_TAB, ITEM_DESCRIPTION, ITEM_URL, ITEM_REQUESTMETHOD, ITEM_CREATEDON, ITEM_MODIFIEDON)
values (10021, '权限组织', '批量更新组织的用户{userId:用户标识数组}', 'auth/orguser', 'put', sysdate, sysdate);
insert into SWEET_AUTH_ITEM (ITEM_ID, ITEM_TAB, ITEM_DESCRIPTION, ITEM_URL, ITEM_REQUESTMETHOD, ITEM_CREATEDON, ITEM_MODIFIEDON)
values (10027, '权限用户', '租户的用户列表查询{userCode}{userName}{userPingyin:用于姓名首字母拼音的模糊查询}{userMobile}{userEmail}{userRole}{userOrgId}', 'auth/user/list', null, sysdate, sysdate);
insert into SWEET_AUTH_ITEM (ITEM_ID, ITEM_TAB, ITEM_DESCRIPTION, ITEM_URL, ITEM_REQUESTMETHOD, ITEM_CREATEDON, ITEM_MODIFIEDON)
values (10028, '权限用户', '查询用户详情{userId}', 'auth/user', 'get', sysdate, sysdate);
insert into SWEET_AUTH_ITEM (ITEM_ID, ITEM_TAB, ITEM_DESCRIPTION, ITEM_URL, ITEM_REQUESTMETHOD, ITEM_CREATEDON, ITEM_MODIFIEDON)
values (10029, '权限用户', '当前用户详情', 'auth/currentuser', 'get', sysdate, sysdate);
insert into SWEET_AUTH_ITEM (ITEM_ID, ITEM_TAB, ITEM_DESCRIPTION, ITEM_URL, ITEM_REQUESTMETHOD, ITEM_CREATEDON, ITEM_MODIFIEDON)
values (10030, '权限用户', '新增用户{userCode:必填}{userName:必填}{userMobile}{userEmail}{userOrgId}', 'auth/user', 'post', sysdate, sysdate);
insert into SWEET_AUTH_ITEM (ITEM_ID, ITEM_TAB, ITEM_DESCRIPTION, ITEM_URL, ITEM_REQUESTMETHOD, ITEM_CREATEDON, ITEM_MODIFIEDON)
values (10031, '权限用户', '启用/禁用用户{userId}{userStatus}', 'auth/user/status', 'put', sysdate, sysdate);
insert into SWEET_AUTH_ITEM (ITEM_ID, ITEM_TAB, ITEM_DESCRIPTION, ITEM_URL, ITEM_REQUESTMETHOD, ITEM_CREATEDON, ITEM_MODIFIEDON)
values (10032, '权限用户', '用户密码修改{oldpsw}{newpsw}', 'auth/user/psw', 'put', sysdate, sysdate);
insert into SWEET_AUTH_ITEM (ITEM_ID, ITEM_TAB, ITEM_DESCRIPTION, ITEM_URL, ITEM_REQUESTMETHOD, ITEM_CREATEDON, ITEM_MODIFIEDON)
values (10033, '权限用户', '用户密码重置（初始密码：123456）{userId}', 'auth/user/resetpsw', 'put', sysdate, sysdate);
insert into SWEET_AUTH_ITEM (ITEM_ID, ITEM_TAB, ITEM_DESCRIPTION, ITEM_URL, ITEM_REQUESTMETHOD, ITEM_CREATEDON, ITEM_MODIFIEDON)
values (10034, '权限用户', '更新当前用户资料{userName}{userSign}{userEmail}', 'auth/user/sign', 'put', sysdate, sysdate);
insert into SWEET_AUTH_ITEM (ITEM_ID, ITEM_TAB, ITEM_DESCRIPTION, ITEM_URL, ITEM_REQUESTMETHOD, ITEM_CREATEDON, ITEM_MODIFIEDON)
values (10035, '权限用户', '当前用户头像上传{userImg:为file类型}', 'auth/user/img', 'post', sysdate, sysdate);
insert into SWEET_AUTH_ITEM (ITEM_ID, ITEM_TAB, ITEM_DESCRIPTION, ITEM_URL, ITEM_REQUESTMETHOD, ITEM_CREATEDON, ITEM_MODIFIEDON)
values (10036, '权限用户', '当前用户手机号码修改{mobile}', 'auth/user/mobile', 'put', sysdate, sysdate);
insert into SWEET_AUTH_ITEM (ITEM_ID, ITEM_TAB, ITEM_DESCRIPTION, ITEM_URL, ITEM_REQUESTMETHOD, ITEM_CREATEDON, ITEM_MODIFIEDON)
values (10037, '权限用户', '更新用户名称、组织、角色等信息(管理员使用){userId}{userCode}{userName}{userEmail}{userOrgId}{userRole}', 'auth/user', 'put', sysdate, sysdate);
insert into SWEET_AUTH_ITEM (ITEM_ID, ITEM_TAB, ITEM_DESCRIPTION, ITEM_URL, ITEM_REQUESTMETHOD, ITEM_CREATEDON, ITEM_MODIFIEDON)
values (10038, '权限用户', '删除用户及其功能组的关联关系，软删除方式{userId}', 'auth/user', 'delete', sysdate, sysdate);
insert into SWEET_AUTH_ITEM (ITEM_ID, ITEM_TAB, ITEM_DESCRIPTION, ITEM_URL, ITEM_REQUESTMETHOD, ITEM_CREATEDON, ITEM_MODIFIEDON)
values (10039, '权限用户', '查询用户的功能组列表{userId}', 'auth/user/itempck', 'get', sysdate, sysdate);
insert into SWEET_AUTH_ITEM (ITEM_ID, ITEM_TAB, ITEM_DESCRIPTION, ITEM_URL, ITEM_REQUESTMETHOD, ITEM_CREATEDON, ITEM_MODIFIEDON)
values (10040, '权限用户', '设置用户关联的功能组（覆盖原有设置）{userId}{pckid:Long[]}', 'auth/user/itempck', 'post', sysdate, sysdate);
insert into SWEET_AUTH_ITEM (ITEM_ID, ITEM_TAB, ITEM_DESCRIPTION, ITEM_URL, ITEM_REQUESTMETHOD, ITEM_CREATEDON, ITEM_MODIFIEDON)
values (10045, '权限菜单', '当前用户的菜单树（MenuNode）结构', 'auth/menu/user', 'get', sysdate, sysdate);
insert into SWEET_AUTH_ITEM (ITEM_ID, ITEM_TAB, ITEM_DESCRIPTION, ITEM_URL, ITEM_REQUESTMETHOD, ITEM_CREATEDON, ITEM_MODIFIEDON)
values (10046, '权限菜单', '当前租户的菜单树（MenuNode）结构', 'auth/menu/tenant', 'get', sysdate, sysdate);
insert into SWEET_AUTH_ITEM (ITEM_ID, ITEM_TAB, ITEM_DESCRIPTION, ITEM_URL, ITEM_REQUESTMETHOD, ITEM_CREATEDON, ITEM_MODIFIEDON)
values (10047, '权限菜单', '全局的菜单树（MenuNode）结构', 'auth/menu/global', 'get', sysdate, sysdate);
insert into SWEET_AUTH_ITEM (ITEM_ID, ITEM_TAB, ITEM_DESCRIPTION, ITEM_URL, ITEM_REQUESTMETHOD, ITEM_CREATEDON, ITEM_MODIFIEDON)
values (10048, '权限菜单', '新增菜单{MenuName	:必填	}{menuParentId}{menuType}{menuAuthLevel}{menuVisibility}{menuSerialNo}{menuIconClass:icon图标}{menuItemId:与href互斥}{menuHref:与item互斥}', 'auth/menu', 'post', sysdate, sysdate);
insert into SWEET_AUTH_ITEM (ITEM_ID, ITEM_TAB, ITEM_DESCRIPTION, ITEM_URL, ITEM_REQUESTMETHOD, ITEM_CREATEDON, ITEM_MODIFIEDON)
values (10049, '权限菜单', '启用/禁用菜单{menuId}{menuStatus}', 'auth/menu/status', 'put', sysdate, sysdate);
insert into SWEET_AUTH_ITEM (ITEM_ID, ITEM_TAB, ITEM_DESCRIPTION, ITEM_URL, ITEM_REQUESTMETHOD, ITEM_CREATEDON, ITEM_MODIFIEDON)
values (10050, '权限菜单', '更新菜单信息{menuId:必填}{menuName}{menuParentId}{menuType}{menuAuthLevel}{menuVisibility}{menuSerialNo}{menuIconClass:icon图标}{menuItemId:与href互斥}{menuHref:与item互斥}', 'auth/menu', 'put', sysdate, sysdate);
insert into SWEET_AUTH_ITEM (ITEM_ID, ITEM_TAB, ITEM_DESCRIPTION, ITEM_URL, ITEM_REQUESTMETHOD, ITEM_CREATEDON, ITEM_MODIFIEDON)
values (10051, '权限菜单', ' 删除菜单及其子菜单{menuId:必填}', 'auth/menu', 'delete', sysdate, sysdate);
insert into SWEET_AUTH_ITEM (ITEM_ID, ITEM_TAB, ITEM_DESCRIPTION, ITEM_URL, ITEM_REQUESTMETHOD, ITEM_CREATEDON, ITEM_MODIFIEDON)
values (10057, '权限功能', '功能列表查询{itemTab:功能标签（分类查询用）}{itemUrl}', 'auth/item/list', null, sysdate, sysdate);
insert into SWEET_AUTH_ITEM (ITEM_ID, ITEM_TAB, ITEM_DESCRIPTION, ITEM_URL, ITEM_REQUESTMETHOD, ITEM_CREATEDON, ITEM_MODIFIEDON)
values (10058, '权限功能', '功能的所有TAB列表', 'auth/item/tablist', 'get', sysdate, sysdate);
insert into SWEET_AUTH_ITEM (ITEM_ID, ITEM_TAB, ITEM_DESCRIPTION, ITEM_URL, ITEM_REQUESTMETHOD, ITEM_CREATEDON, ITEM_MODIFIEDON)
values (10059, '权限功能', '新增功能{itemTab}{itemDescription}{itemUrl:必填}{itemRequestmethod:必填}', 'auth/item', 'post', sysdate, sysdate);
insert into SWEET_AUTH_ITEM (ITEM_ID, ITEM_TAB, ITEM_DESCRIPTION, ITEM_URL, ITEM_REQUESTMETHOD, ITEM_CREATEDON, ITEM_MODIFIEDON)
values (10060, '权限功能', '更新功能{itemId}{itemTab}{itemDescription}{itemUrl}{itemRequestmethod}', 'auth/item', 'put', sysdate, sysdate);
insert into SWEET_AUTH_ITEM (ITEM_ID, ITEM_TAB, ITEM_DESCRIPTION, ITEM_URL, ITEM_REQUESTMETHOD, ITEM_CREATEDON, ITEM_MODIFIEDON)
values (10061, '权限功能', '删除功能{itemId}', 'auth/item', 'delete', sysdate, sysdate);
insert into SWEET_AUTH_ITEM (ITEM_ID, ITEM_TAB, ITEM_DESCRIPTION, ITEM_URL, ITEM_REQUESTMETHOD, ITEM_CREATEDON, ITEM_MODIFIEDON)
values (10067, '权限用户组', '功能组（用户组）列表查询{pckName:用户组名称}', 'auth/itempck/list', null, sysdate, sysdate);
insert into SWEET_AUTH_ITEM (ITEM_ID, ITEM_TAB, ITEM_DESCRIPTION, ITEM_URL, ITEM_REQUESTMETHOD, ITEM_CREATEDON, ITEM_MODIFIEDON)
values (10068, '权限用户组', '新增功能组（用户组）{pckName:用户组名称}{pckMenuId:String[]}', 'auth/itempck', 'post', sysdate, sysdate);
insert into SWEET_AUTH_ITEM (ITEM_ID, ITEM_TAB, ITEM_DESCRIPTION, ITEM_URL, ITEM_REQUESTMETHOD, ITEM_CREATEDON, ITEM_MODIFIEDON)
values (10069, '权限用户组', '更新功能组（用户组）{pckId}{pckName:用户组名称}{pckMenuId:String[]}', 'auth/itempck', 'put', sysdate, sysdate);
insert into SWEET_AUTH_ITEM (ITEM_ID, ITEM_TAB, ITEM_DESCRIPTION, ITEM_URL, ITEM_REQUESTMETHOD, ITEM_CREATEDON, ITEM_MODIFIEDON)
values (10070, '权限用户组', '删除功能组（用户组）及其和用户的关联{pckId}', 'auth/itempck', 'delete', sysdate, sysdate);
insert into SWEET_AUTH_ITEM (ITEM_ID, ITEM_TAB, ITEM_DESCRIPTION, ITEM_URL, ITEM_REQUESTMETHOD, ITEM_CREATEDON, ITEM_MODIFIEDON)
values (10071, '权限用户组', '查询功能组的用户列表{pckId}', 'auth/itempck/user', 'get', sysdate, sysdate);
insert into SWEET_AUTH_ITEM (ITEM_ID, ITEM_TAB, ITEM_DESCRIPTION, ITEM_URL, ITEM_REQUESTMETHOD, ITEM_CREATEDON, ITEM_MODIFIEDON)
values (10072, '权限用户组', '设置功能组关联的用户（覆盖原有设置）{pckId}{userId:Long[]}', 'auth/itempck/user', 'post', sysdate, sysdate);
